cnpj;ano;url_principal;vl_disponivel;vl_contas_vinculadas;vl_convenios_acordos_ajustes;vl_receber_terceiros;vl_adiantamento_empregados;vl_outras_contas_titulos_receber;vl_provisao_devedores;vl_estoques;vl_despesas_antecipadas;vl_outras_contas_do_ativo_circulante;vl_total_ativo_circulante;vl_receber_longo_prazo;vl_total_ativo_realizavel_longo_prazo;vl_investimentos;vl_imobilizado;vl_depreciacao_amortizacao_acumulada;vl_diferido;vl_outros_ativos_permanentes;vl_total_ativo_permanente;vl_total_ativo;vl_fornecedores;vl_obrigacoes_trabalhistas;vl_obrigacoes_sociais;vl_prestadores_servicos;vl_alugueis_pagar;vl_adiantamento_clientes;vl_emprestimos_financiamentos_pagar;vl_obrigacoes_fiscais_exceto_irend;vl_convenios_publicos;vl_adiantamento_projetos;vl_subvencoes_publicas;vl_recursos_leis_incentivo_fiscal;vl_recursos_leis_incentivo_fiscal_utilizados;vl_provisao_para_irend;vl_sentencas_judiciais_trabalhistas_pagar;vl_sentencas_judiciais_pagar_exceto_trabalhista;vl_outros_passivos_circulantes;vl_total_passivo_circulante;vl_emprestimos_financiamentos_pagar_longo_prazo;vl_contas_pagar;vl_alugueis_antecipados;vl_outros_passivos_exigiveis_longo_prazo;vl_total_passivo_exigivel_longo_prazo;vl_resultado_exercicios_futuros;vl_total_resultado_exercicios_futuros;vl_patrimonio_social;vl_doacoes_patrimoniais;vl_reservas_constituidas;vl_superavit_exercicio;vl_deficit_do_exercicio;vl_outras_contas_do_patrimonio_social;vl_total_patrimonio;vl_total_passivo
58.238.866/0001-15;2007;http://portal.mj.gov.br/CNEsPublico/relatorioCNEs/20569/RelatorioCircunstanciado.html;43.539,55;0,00;0,00;0,00;21.152,37;0,00;0,00;0,00;0,00;8.023,77;72.715,69;0,00;0,00;0,00;649.810,31;202.578,46;0,00;0,00;447.231,85;519.947,54;0,00;0,00;634,00;0,00;0,00;0,00;0,00;0,00;0,00;0,00;0,00;0,00;0,00;0,00;0,00;0,00;12.593,62;13.227,62;0,00;0,00;0,00;0,00;0,00;0,00;0,00;0,00;0,00;0,00;32.437,23;0,00;474.282,69;506.719,92;519.947,54
60.015.070/0001-45;2012;http://portal.mj.gov.br/CNEsPublico/relatorioCNEs/119076/RelatorioCircunstanciado.html;62.890,03;0,00;0,00;0,00;0,00;0,00;0,00;0,00;0,00;0,00;62.890,03;0,00;0,00;0,00;157.632,22;0,00;0,00;0,00;157.632,22;220.522,25;0,00;0,00;0,00;0,00;0,00;0,00;0,00;0,00;0,00;0,00;0,00;0,00;0,00;0,00;0,00;0,00;0,00;0,00;0,00;0,00;0,00;0,00;0,00;0,00;0,00;212.937,03;0,00;0,00;7.585,22;0,00;0,00;220.522,25;220.522,25
58.258.633/0001-84;2012;http://portal.mj.gov.br/CNEsPublico/relatorioCNEs/119844/RelatorioCircunstanciado.html;99.596,07;0,00;4.654,41;0,00;0,00;0,00;0,00;0,00;0,00;0,00;104.250,48;0,00;0,00;0,00;521.000,41;0,00;0,00;0,00;521.000,41;625.250,89;0,00;0,00;0,00;0,00;0,00;0,00;0,00;0,00;0,00;0,00;0,00;0,00;0,00;0,00;0,00;0,00;0,00;0,00;0,00;15.046,27;0,00;0,00;15.046,27;0,00;0,00;368.198,21;0,00;0,00;0,00;0,00;242.006,41;610.204,62;625.250,89
58.207.572/0001-26;2012;http://portal.mj.gov.br/CNEsPublico/relatorioCNEs/121414/RelatorioCircunstanciado.html;394.268.323,64;0,00;0,00;8.873.986,81;116.880,74;8.332,09;0,00;0,00;7.370,34;3.650,00;403.278.543,62;13.492.627,50;13.492.627,50;15.180.750,91;53.161.102,26;11.084.263,48;0,00;120.092,47;57.377.682,16;474.148.853,28;256.987,61;8.010,74;584.702,40;7.635,88;0,00;0,00;0,00;0,00;0,00;0,00;0,00;0,00;0,00;0,00;0,00;0,00;1.287.820,62;2.145.157,25;0,00;0,00;0,00;0,00;0,00;1.462.898,46;1.462.898,46;434.711.135,06;0,00;0,00;35.829.662,51;0,00;0,00;470.540.797,57;474.148.853,28
58.224.692/0001-31;2012;http://portal.mj.gov.br/CNEsPublico/relatorioCNEs/121549/RelatorioCircunstanciado.html;7.737,54;0,00;0,00;0,00;0,00;0,00;0,00;0,00;0,00;0,00;7.737,54;35.500,00;35.500,00;0,00;887.866,68;94.085,56;0,00;0,00;793.781,12;837.018,66;1.667,92;0,00;1.447,58;0,00;0,00;0,00;6.506,62;0,00;0,00;0,00;0,00;0,00;0,00;0,00;0,00;0,00;0,00;9.622,12;0,00;0,00;0,00;44.000,00;44.000,00;0,00;0,00;678.834,52;0,00;0,00;104.562,22;0,00;0,00;783.396,74;837.018,86
58.222.910/0001-07;2012;http://portal.mj.gov.br/CNEsPublico/relatorioCNEs/122015/RelatorioCircunstanciado.html;1.792,30;589.291,18;0,00;37.479,08;60.640,25;0,00;0,00;0,00;2.490,49;513,22;692.206,52;0,00;0,00;0,00;947.440,79;0,00;0,00;0,00;947.440,79;1.639.647,31;11.444,30;0,00;83.659,15;0,00;0,00;0,00;0,00;63,04;0,00;0,00;0,00;0,00;0,00;0,00;0,00;0,00;0,40;95.166,89;0,00;0,00;0,00;0,00;0,00;0,00;0,00;1.191.989,56;223.223,26;0,00;129.267,60;0,00;0,00;1.544.480,42;1.639.647,31
71.550.222/0001-26;2012;http://portal.mj.gov.br/CNEsPublico/relatorioCNEs/122826/RelatorioCircunstanciado.html;1.583,61;8.476,30;0,00;0,00;0,00;0,00;29.837,15;0,00;0,00;0,00;-19.777,24;0,00;0,00;0,00;193.518,72;0,00;0,00;0,00;193.518,72;173.741,48;0,00;34.261,72;81.799,49;0,00;4.920,00;0,00;0,00;0,00;0,00;0,00;0,00;0,00;0,00;0,00;0,00;0,00;215.929,63;336.910,84;95.193,29;0,00;0,00;0,00;95.193,29;0,00;0,00;0,00;0,00;0,00;0,00;258.362,65;0,00;-258.362,65;173.741,48
58.191.008/0001-62;2012;http://portal.mj.gov.br/CNEsPublico/relatorioCNEs/123704/RelatorioCircunstanciado.html;254.190,48;33.241.378,93;0,00;1.556.662,81;661.335,17;610.486,37;0,00;537.298,73;2.025.881,85;0,00;38.887.234,34;33.796.264,28;33.796.264,28;430.027,09;127.540.240,00;50.556.725,43;0,00;0,00;77.413.541,66;150.097.040,28;1.615.152,10;3.407.368,57;648.208,40;0,00;0,00;0,00;5.857.172,06;1.026.880,80;0,00;0,00;0,00;0,00;0,00;0,00;0,00;0,00;3.378.119,45;15.932.901,38;33.816.026,18;0,00;0,00;0,00;33.816.026,18;4.116.043,52;4.116.043,52;103.599.753,99;0,00;0,00;0,00;7.367.684,79;0,00;96.232.069,20;150.097.040,28
58.250.267/0001-17;2012;http://portal.mj.gov.br/CNEsPublico/relatorioCNEs/123872/RelatorioCircunstanciado.html;14.838,53;0,00;0,00;2.340,54;15.045,53;0,00;0,00;0,00;0,00;0,00;32.224,60;0,00;0,00;0,00;237.064,25;0,00;0,00;0,00;237.064,25;269.288,85;0,00;0,00;16.347,32;0,00;0,00;0,00;17.393,95;668,72;0,00;0,00;0,00;0,00;0,00;0,00;0,00;0,00;0,00;34.409,99;0,00;0,00;0,00;0,00;0,00;0,00;0,00;55.766,94;0,00;0,00;189.806,26;10.694,34;0,00;234.878,86;269.288,85
71.554.695/0001-00;2012;http://portal.mj.gov.br/CNEsPublico/relatorioCNEs/123909/RelatorioCircunstanciado.html;10.165,72;0,00;0,00;0,00;41.951,14;0,00;0,00;0,00;0,00;125.853,80;177.970,66;0,00;0,00;0,00;50.935,13;6.857,01;0,00;0,00;44.078,12;222.048,78;0,00;212.498,80;33.486,04;0,00;0,00;0,00;109,25;649,12;0,00;0,00;0,00;0,00;0,00;0,00;0,00;0,00;3.740,06;250.483,27;0,00;0,00;0,00;0,00;0,00;0,00;0,00;87.383,69;0,00;0,00;0,00;115.818,18;0,00;-28.434,49;222.048,78
52.256.054/0001-16;2006;http://portal.mj.gov.br/CNEsPublico/relatorioCNEs/6973/RelatorioCircunstanciado.html;10.637,06;0,00;0,00;0,00;0,00;0,00;0,00;0,00;0,00;0,00;10.637,06;500,00;500,00;0,00;121.730,30;0,00;0,00;0,00;121.730,30;132.867,36;0,00;0,00;0,00;0,00;0,00;0,00;0,00;0,00;0,00;0,00;0,00;0,00;0,00;0,00;0,00;0,00;0,00;0,00;37.500,00;0,00;0,00;0,00;37.500,00;0,00;0,00;74.851,64;0,00;0,00;20.515,72;0,00;0,00;95.367,36;132.867,36
58.269.515/0001-71;2012;http://portal.mj.gov.br/CNEsPublico/relatorioCNEs/124282/RelatorioCircunstanciado.html;74.226,46;0,00;0,00;0,00;0,00;0,00;0,00;0,00;0,00;0,00;74.226,46;0,00;0,00;0,00;1.053.258,52;0,00;0,00;0,00;1.053.258,52;1.127.484,98;4.671,26;65.779,33;16.565,08;0,00;0,00;0,00;0,00;1.466,87;0,00;0,00;0,00;0,00;0,00;0,00;0,00;0,00;0,00;88.482,54;0,00;4.511,82;0,00;0,00;4.511,82;0,00;0,00;1.002.449,63;0,00;0,00;56.847,06;24.806,07;0,00;1.034.490,62;1.127.484,98
68.018.050/0001-30;2012;http://portal.mj.gov.br/CNEsPublico/relatorioCNEs/124499/RelatorioCircunstanciado.html;219.369,12;0,00;0,00;0,00;0,00;822,34;0,00;0,00;2.809,21;0,00;223.000,67;0,00;0,00;0,00;715.849,40;183.323,16;0,00;0,00;532.526,24;755.526,91;0,00;0,00;0,00;0,00;0,00;0,00;0,00;15,20;0,00;0,00;0,00;0,00;0,00;0,00;0,00;0,00;6.995,65;7.010,85;0,00;0,00;0,00;123.854,78;123.854,78;0,00;0,00;0,00;0,00;0,00;103.207,72;0,00;521.453,56;624.661,28;755.526,91
58.218.215/0001-63;2012;http://portal.mj.gov.br/CNEsPublico/relatorioCNEs/125471/RelatorioCircunstanciado.html;559.040,38;0,00;0,00;167.737,78;4.819,12;0,00;0,00;0,00;1.736,31;0,00;733.333,59;817.965,45;817.965,45;9.557.847,00;61.604.015,31;226.801,71;0,00;0,00;70.935.060,60;72.486.359,64;26.622,53;220.925,49;4.427,74;1.447,00;0,00;0,00;0,00;0,00;0,00;0,00;0,00;0,00;0,00;0,00;0,00;0,00;0,00;253.422,76;0,00;188.609,30;0,00;0,00;188.609,30;0,00;0,00;1.951.419,85;0,00;12.605.387,71;0,00;491.234,19;57.978.754,21;72.044.327,58;72.486.359,64
58.198.524/0001-19;2012;http://portal.mj.gov.br/CNEsPublico/relatorioCNEs/126346/RelatorioCircunstanciado.html;12.619.769,31;13.661.578,76;0,00;34.951.347,83;761.441,60;4.272.855,67;2.216.037,93;4.056.867,44;605.359,10;0,00;68.713.181,78;10.591.433,88;10.591.433,88;19.330.949,93;116.509.502,08;26.555.559,85;0,00;118.594,32;109.403.486,48;188.708.102,14;33.938.224,35;4.451.843,47;3.229.102,16;3.437.984,77;0,00;0,00;27.020.682,86;0,00;0,00;85.663,01;0,00;0,00;0,00;0,00;14.750,00;12.440,00;39.016.650,93;111.207.341,55;59.752.059,53;59.107,74;0,00;21.237.704,95;81.048.872,22;0,00;0,00;16.137.910,43;0,00;0,00;0,00;19.686.022,06;0,00;-3.548.111,63;188.708.102,14
58.238.866/0001-15;2012;http://portal.mj.gov.br/CNEsPublico/relatorioCNEs/126655/RelatorioCircunstanciado.html;36.553,47;0,00;0,00;0,00;415,96;0,00;0,00;0,00;1.547,77;2.974,35;41.491,55;3.237,54;3.237,54;0,00;706.321,66;361.705,58;0,00;0,00;344.616,08;389.345,17;3.161,35;0,00;8.007,80;0,00;0,00;0,00;0,00;1.076,40;0,00;0,00;0,00;0,00;0,00;0,00;0,00;0,00;3.971,16;16.216,71;0,00;0,00;0,00;0,00;0,00;0,00;0,00;0,00;0,00;0,00;692.833,68;319.705,22;0,00;373.128,46;389.345,17
58.247.503/0001-46;2012;http://portal.mj.gov.br/CNEsPublico/relatorioCNEs/126790/RelatorioCircunstanciado.html;188.648,08;0,00;0,00;0,00;0,00;30.201,81;0,00;0,00;0,00;0,00;218.849,89;0,00;0,00;0,00;16.190.609,96;184.928,11;0,00;25.550,00;16.031.231,85;16.250.081,74;0,00;18.488,46;0,00;0,00;0,00;0,00;0,00;4.598,41;0,00;0,00;0,00;0,00;0,00;0,00;0,00;0,00;12.225,07;35.311,94;0,00;0,00;0,00;0,00;0,00;0,00;0,00;989.776,35;0,00;0,00;0,00;6.036,65;15.231.030,10;16.214.769,80;16.250.081,74
46.170.494/0001-53;2012;http://portal.mj.gov.br/CNEsPublico/relatorioCNEs/127124/RelatorioCircunstanciado.html;79.903,73;0,00;0,00;0,00;0,00;1.667,00;0,00;0,00;0,00;160.963,81;242.534,54;0,00;0,00;0,00;391.207,54;15.842,07;0,00;0,00;375.365,47;617.900,01;0,00;0,00;35,07;0,00;0,00;0,00;3.000,00;0,00;0,00;0,00;0,00;0,00;0,00;0,00;0,00;0,00;17.133,74;20.168,81;0,00;0,00;0,00;21.998,98;21.998,98;0,00;0,00;0,00;0,00;0,00;120.196,55;0,00;455.535,67;575.732,22;617.900,01
64.042.740/0001-73;2012;http://portal.mj.gov.br/CNEsPublico/relatorioCNEs/127596/RelatorioCircunstanciado.html;500,79;86.573,89;5.354,58;0,00;21.552,44;658,99;0,00;0,00;0,00;0,00;114.640,69;0,00;0,00;20.234,63;154.393,15;0,00;0,00;275.899,60;450.527,38;565.168,07;0,00;9.556,16;0,00;0,00;0,00;0,00;0,00;0,00;0,00;0,00;0,00;0,00;0,00;0,00;0,00;0,00;5.001,25;14.557,41;0,00;1.109,19;0,00;656,80;1.765,99;0,00;0,00;60.773,65;0,00;0,00;578.895,72;90.824,70;0,00;548.844,67;565.168,07
55.674.782/0001-36;2007;http://portal.mj.gov.br/CNEsPublico/relatorioCNEs/21840/RelatorioCircunstanciado.html;17.974,55;0,00;0,00;0,00;0,00;574,76;0,00;0,00;2.296,54;0,00;20.845,85;0,00;0,00;1.500,00;180.096,78;24.673,88;0,00;0,00;156.922,90;177.768,75;0,00;0,00;3.745,94;0,00;0,00;0,00;0,00;78,35;0,00;0,00;0,00;0,00;0,00;0,00;0,00;0,00;6.383,97;10.208,26;0,00;0,00;0,00;0,00;0,00;0,00;0,00;0,00;0,00;0,00;0,00;0,00;0,00;0,00;10.208,26
55.674.782/0001-36;2012;http://portal.mj.gov.br/CNEsPublico/relatorioCNEs/127976/RelatorioCircunstanciado.html;1.374,81;0,00;0,00;0,00;0,00;0,00;0,00;0,00;38.403,60;0,00;39.778,41;0,00;0,00;1.500,00;272.315,58;102.395,33;0,00;0,00;171.420,25;211.198,66;0,00;0,00;11.459,42;0,00;0,00;0,00;0,00;674,69;0,00;0,00;0,00;0,00;0,00;0,00;0,00;0,00;67.433,15;79.567,26;7.300,00;0,00;0,00;0,00;7.300,00;0,00;0,00;0,00;0,00;0,00;0,00;30.849,89;155.181,29;124.331,40;211.198,66
58.198.524/0001-19;2007;http://portal.mj.gov.br/CNEsPublico/relatorioCNEs/9907/RelatorioCircunstanciado.html;9.985.544,86;0,00;0,00;15.851.634,89;357.325,46;3.834.938,01;582.165,88;6.539.507,97;1.086.303,47;0,00;37.073.088,78;8.837.308,74;8.837.308,74;19.314.104,76;95.622.660,13;13.047.454,74;0,00;0,00;101.889.310,15;147.799.707,67;20.791.012,67;7.565.190,57;3.213.777,50;8.532.396,15;0,00;0,00;17.400.982,58;0,00;0,00;0,00;0,00;0,00;0,00;0,00;97.079,16;0,00;7.731.135,63;65.331.574,26;9.001.036,87;961.572,70;0,00;5.940.512,57;15.903.122,14;875.000,00;875.000,00;69.224.955,44;35.275,95;500.000,00;0,00;4.070.220,12;0,00;65.690.011,27;147.799.707,67
64.715.899/0001-01;2012;http://portal.mj.gov.br/CNEsPublico/relatorioCNEs/128627/RelatorioCircunstanciado.html;94.085,34;0,00;0,00;0,00;0,00;0,00;0,00;0,00;0,00;0,00;94.085,34;0,00;0,00;0,00;484.843,66;223.386,03;0,00;0,00;261.457,63;355.542,97;0,00;0,00;0,00;0,00;0,00;0,00;7.000,00;0,00;0,00;0,00;0,00;0,00;0,00;0,00;0,00;0,00;33.010,19;40.010,19;0,00;0,00;0,00;0,00;0,00;0,00;0,00;0,00;0,00;0,00;315.532,78;0,00;0,00;315.532,78;355.542,97
52.246.451/0001-07;2007;http://portal.mj.gov.br/CNEsPublico/relatorioCNEs/7815/RelatorioCircunstanciado.html;168.580,34;0,00;0,00;43.931,00;300,00;2.764,00;0,00;0,00;0,00;0,00;215.575,34;847,91;847,91;0,00;1.352.166,31;3.143,38;0,00;0,00;1.349.022,93;1.565.446,18;13.383,09;23.909,79;6.830,06;0,00;0,00;0,00;0,00;1.038,05;0,00;0,00;0,00;0,00;0,00;0,00;0,00;0,00;46.739,19;91.900,18;0,00;0,00;0,00;0,00;0,00;0,00;0,00;1.512.001,36;0,00;0,00;0,00;38.455,36;0,00;1.473.546,00;1.565.446,18
68.025.576/0001-47;2012;http://portal.mj.gov.br/CNEsPublico/relatorioCNEs/129552/RelatorioCircunstanciado.html;2.920,64;0,00;0,00;0,00;3.833,90;0,00;0,00;0,00;0,00;13.642,91;20.397,45;2.300,00;2.300,00;0,00;690.919,27;0,00;0,00;0,00;690.919,27;713.616,72;33.777,63;131.813,17;13.262,71;0,00;0,00;0,00;125.572,25;0,00;0,00;0,00;0,00;0,00;0,00;0,00;0,00;0,00;0,00;304.425,76;0,00;0,00;0,00;0,00;0,00;0,00;0,00;453.713,65;0,00;0,00;0,00;44.522,69;0,00;409.190,96;713.616,72
58.251.711/0001-19;2012;http://portal.mj.gov.br/CNEsPublico/relatorioCNEs/129795/RelatorioCircunstanciado.html;121.270.430,38;0,00;0,00;12.008.606,20;4.059.220,63;0,00;0,00;1.622.104,06;3.654,30;50.834.929,44;189.798.945,01;1.180.751,07;1.180.751,07;0,00;51.350.536,72;16.679.475,36;0,00;0,00;34.671.061,36;225.650.757,44;472.994,38;5.066.028,04;1.029.393,47;1.444.038,12;0,00;2.313.376,64;22.992,85;1.336.573,47;0,00;438.399,87;0,00;0,00;0,00;0,00;0,00;0,00;503.305,16;12.627.102,00;0,00;0,00;0,00;2.762.949,35;2.762.949,35;0,00;0,00;0,00;0,00;0,00;210.260.706,09;0,00;0,00;210.260.706,09;225.650.757,44
10.227.433/0001-38;2012;http://portal.mj.gov.br/CNEsPublico/relatorioCNEs/131441/RelatorioCircunstanciado.html;72.401,39;0,00;0,00;0,00;0,00;34.680,43;0,00;0,00;0,00;0,00;107.081,82;698.198,66;698.198,66;0,00;530,00;0,00;0,00;0,00;530,00;805.810,48;143,00;0,00;1.401,86;1.305,27;0,00;0,00;0,00;0,00;0,00;0,00;0,00;0,00;0,00;0,00;0,00;0,00;0,00;2.850,13;0,00;772,23;0,00;41.426,49;42.198,72;697.426,43;697.426,43;63.335,20;0,00;0,00;0,00;0,00;0,00;63.335,20;805.810,48
66.505.017/0001-09;2012;http://portal.mj.gov.br/CNEsPublico/relatorioCNEs/132527/RelatorioCircunstanciado.html;56.368,89;0,00;0,00;0,00;0,00;2.123,29;0,00;0,00;123,83;22.854,86;81.470,87;7.205,91;7.205,91;0,00;82.517,98;40.137,73;0,00;0,00;42.380,25;131.057,03;0,00;25.311,76;1.119.129,05;0,00;3.835,19;0,00;31,65;196.903,36;0,00;0,00;0,00;0,00;0,00;0,00;0,00;0,00;0,00;1.345.211,01;39.139,44;0,00;0,00;797.834,32;836.973,76;0,00;0,00;0,00;0,00;0,00;0,00;2.051.127,74;0,00;-2.051.127,74;131.057,03
11.043.826/0001-54;2012;http://portal.mj.gov.br/CNEsPublico/relatorioCNEs/132846/RelatorioCircunstanciado.html;0,00;0,00;0,00;0,00;0,00;0,00;0,00;0,00;0,00;0,00;0,00;0,00;0,00;0,00;12.214,70;0,00;0,00;0,00;12.214,70;12.214,70;0,00;0,00;0,00;0,00;0,00;0,00;0,00;0,00;0,00;0,00;0,00;0,00;0,00;0,00;0,00;0,00;0,00;0,00;0,00;0,00;0,00;0,00;0,00;0,00;0,00;4.830,00;0,00;0,00;0,00;0,00;0,00;4.830,00;4.830,00
55.674.030/0001-75;2012;http://portal.mj.gov.br/CNEsPublico/relatorioCNEs/133194/RelatorioCircunstanciado.html;5.680.449,23;0,00;0,00;737.346,57;8.548,84;3.913,15;16.658,92;0,00;3.704,14;0,00;6.417.303,01;1.830.843,16;1.830.843,16;0,00;252.884,76;97.828,49;0,00;0,00;155.056,27;8.403.202,44;3.826,91;5.310,95;0,00;0,00;0,00;0,00;0,00;183,28;0,00;0,00;0,00;0,00;0,00;0,00;0,00;0,00;0,00;9.321,14;0,00;0,00;0,00;0,00;0,00;0,00;0,00;8.393.881,30;0,00;0,00;0,00;0,00;0,00;8.393.881,30;8.403.202,44
15.321.633/0001-79;2012;http://portal.mj.gov.br/CNEsPublico/relatorioCNEs/133285/RelatorioCircunstanciado.html;53,54;0,00;0,00;0,00;0,00;0,00;0,00;0,00;0,00;0,00;53,54;0,00;0,00;0,00;0,00;0,00;0,00;0,00;0,00;53,54;0,00;0,00;0,00;0,00;0,00;0,00;0,00;0,00;0,00;0,00;0,00;0,00;0,00;0,00;0,00;0,00;0,00;0,00;0,00;0,00;0,00;0,00;0,00;0,00;0,00;0,00;0,00;0,00;53,54;0,00;0,00;53,54;53,54
60.015.070/0001-45;2007;http://portal.mj.gov.br/CNEsPublico/relatorioCNEs/8534/RelatorioCircunstanciado.html;48.163,86;0,00;0,00;0,00;0,00;0,00;0,00;0,00;0,00;0,00;48.163,86;0,00;0,00;0,00;119.425,70;0,00;0,00;0,00;119.425,70;167.589,56;0,00;0,00;0,00;0,00;0,00;0,00;0,00;0,00;0,00;0,00;0,00;0,00;0,00;0,00;0,00;0,00;0,00;0,00;0,00;0,00;0,00;0,00;0,00;0,00;0,00;129.253,58;0,00;0,00;38.335,98;0,00;0,00;167.589,56;167.589,56
58.207.572/0001-26;2007;http://portal.mj.gov.br/CNEsPublico/relatorioCNEs/8618/RelatorioCircunstanciado.html;223.331.431,56;0,00;0,00;7.949.309,27;106.542,36;0,00;0,00;0,00;5.820,88;0,00;231.393.104,07;13.322.815,31;13.322.815,31;10.210.119,55;37.801.100,90;8.111.710,94;0,00;498.871,33;40.398.380,84;285.114.300,22;149.339,10;12.314,42;492.300,16;21.102,93;0,00;0,00;0,00;0,00;0,00;0,00;0,00;0,00;0,00;0,00;0,00;0,00;252.839,30;927.895,91;0,00;0,00;0,00;0,00;0,00;938.663,09;938.663,09;246.842.282,03;0,00;0,00;35.811.548,61;0,00;593.910,58;283.247.741,22;285.114.300,22
64.042.740/0001-73;2007;http://portal.mj.gov.br/CNEsPublico/relatorioCNEs/8775/RelatorioCircunstanciado.html;53.365,35;5.670,23;12.568,04;0,00;0,00;0,00;0,00;0,00;0,00;0,00;71.603,62;0,00;0,00;269.673,60;95.334,71;47.388,03;0,00;0,00;317.620,28;389.223,90;0,00;10.866,01;0,00;0,00;270,00;0,00;0,00;480,10;0,00;0,00;0,00;0,00;0,00;0,00;0,00;0,00;0,00;11.616,11;0,00;504,68;0,00;0,00;504,68;0,00;0,00;0,00;0,00;0,00;377.103,11;0,00;0,00;377.103,11;389.223,90
52.246.451/0001-07;2012;http://portal.mj.gov.br/CNEsPublico/relatorioCNEs/133706/RelatorioCircunstanciado.html;85.807,92;0,00;0,00;114.805,12;466,95;0,00;0,00;0,00;0,00;0,00;201.079,99;43.022,91;43.022,91;0,00;1.387.765,67;56.394,38;0,00;2.322,00;1.333.693,29;1.577.796,19;7.286,41;69.246,79;14.827,82;0,00;0,00;0,00;0,00;2.286,25;0,00;0,00;0,00;0,00;0,00;0,00;0,00;0,00;470.238,34;563.885,61;0,00;0,00;0,00;0,00;0,00;0,00;0,00;1.163.099,25;0,00;0,00;0,00;149.188,67;0,00;1.013.910,58;1.577.796,19
51.642.288/0001-39;2012;http://portal.mj.gov.br/CNEsPublico/relatorioCNEs/134008/RelatorioCircunstanciado.html;77.797,21;0,00;0,00;0,00;0,00;194.522,92;0,00;0,00;0,00;35.688,10;308.008,23;0,00;0,00;31.685,96;2.427.417,20;1.572,36;0,00;0,00;2.457.530,80;2.765.539,03;4.532,24;234.480,52;1.532,98;0,00;5.400,24;0,00;372.579,93;0,00;0,00;0,00;0,00;0,00;0,00;0,00;0,00;0,00;3.635,00;622.160,91;0,00;0,00;0,00;0,00;0,00;0,00;0,00;0,00;0,00;0,00;2.143.378,12;0,00;0,00;2.143.378,12;2.765.539,03
15.699.589/0001-35;2012;http://portal.mj.gov.br/CNEsPublico/relatorioCNEs/134501/RelatorioCircunstanciado.html;7,54;0,00;0,00;0,00;0,00;0,00;0,00;0,00;0,00;0,00;7,54;0,00;0,00;0,00;0,00;0,00;0,00;0,00;0,00;7,54;2.459,35;0,00;0,00;0,00;0,00;0,00;0,00;0,00;0,00;0,00;0,00;0,00;0,00;0,00;0,00;0,00;0,00;2.459,35;0,00;0,00;0,00;0,00;0,00;0,00;0,00;0,00;0,00;0,00;0,00;0,00;0,00;0,00;2.459,35
58.269.515/0001-71;2007;http://portal.mj.gov.br/CNEsPublico/relatorioCNEs/9434/RelatorioCircunstanciado.html;170.916,80;0,00;0,00;0,00;0,00;0,00;0,00;0,00;0,00;0,00;170.916,80;0,00;0,00;0,00;656.948,95;0,00;0,00;0,00;656.948,95;827.865,75;0,00;8.811,20;7.121,21;0,00;0,00;0,00;0,00;693,08;0,00;0,00;0,00;0,00;0,00;0,00;0,00;0,00;0,00;16.625,49;0,00;32.605,36;0,00;0,00;32.605,36;0,00;0,00;785.641,61;20.000,00;0,00;0,00;27.006,71;0,00;778.634,90;827.865,75
58.257.023/0001-66;2007;http://portal.mj.gov.br/CNEsPublico/relatorioCNEs/22008/RelatorioCircunstanciado.html;258.218,53;0,00;0,00;0,00;0,00;0,00;0,00;0,00;0,00;0,00;258.218,53;0,00;0,00;0,00;52.421,07;0,00;0,00;2.484,55;54.905,62;313.124,15;33.789,50;0,00;0,00;0,00;0,00;0,00;0,00;0,00;0,00;0,00;0,00;0,00;0,00;0,00;0,00;0,00;0,00;33.789,50;0,00;0,00;0,00;0,00;0,00;0,00;0,00;213.682,66;0,00;0,00;65.651,99;0,00;0,00;279.334,65;313.124,15
58.207.572/0001-26;2013;http://portal.mj.gov.br/CNEsPublico/relatorioCNEs/138176/RelatorioCircunstanciado.html;416.744.242,28;0,00;0,00;9.864.419,51;255.155,11;15.600,00;0,00;0,00;7.233,11;850,00;426.887.500,01;13.479.503,40;13.479.503,40;15.399.761,21;66.462.779,35;11.801.929,91;0,00;120.092,47;70.180.703,12;510.547.706,53;303.772,22;8.154,50;767.476,97;3.694,74;0,00;0,00;0,00;0,00;0,00;0,00;0,00;0,00;0,00;0,00;0,00;0,00;758.581,72;1.841.680,15;0,00;0,00;0,00;0,00;0,00;1.271.873,72;1.271.873,72;470.540.797,57;0,00;0,00;36.893.355,09;0,00;0,00;507.434.152,66;510.547.706,53
58.194.622/0001-88;2013;http://portal.mj.gov.br/CNEsPublico/relatorioCNEs/139886/RelatorioCircunstanciado.html;81.553,96;3.213.421,29;16.623.768,04;172.789,01;717.992,54;342.666,66;11.769.265,37;1.278.784,35;22.692,66;2.015.131,82;12.699.534,96;3.060.913,61;3.060.913,61;13.149.933,63;220.338.624,73;8.479.523,67;0,00;865.907,71;225.874.942,40;241.635.390,97;16.216.699,59;2.604.225,45;39.592.727,76;14.127.294,13;0,00;1.490.448,61;5.217.559,10;0,00;0,00;0,00;0,00;0,00;0,00;0,00;0,00;0,00;3.246.908,47;82.495.863,11;1.282.708,31;28.267.683,07;0,00;1.198.411,64;30.748.803,02;0,00;0,00;159.302.437,98;20.584,60;0,00;0,00;30.932.297,74;0,00;128.390.724,84;241.635.390,97
64.715.899/0001-01;2013;http://portal.mj.gov.br/CNEsPublico/relatorioCNEs/139890/RelatorioCircunstanciado.html;58.634,93;0,00;0,00;0,00;0,00;0,00;0,00;0,00;0,00;0,00;58.634,93;0,00;0,00;0,00;545.668,73;249.925,31;0,00;0,00;295.743,42;354.378,35;0,00;22.023,18;4.062,92;0,00;0,00;0,00;171,51;62,86;0,00;0,00;0,00;0,00;0,00;0,00;0,00;0,00;1.994,99;28.315,46;115.406,00;0,00;0,00;0,00;115.406,00;0,00;0,00;0,00;46.821,69;0,00;163.835,20;0,00;0,00;210.656,89;354.378,35
58.198.227/0001-73;2007;http://portal.mj.gov.br/CNEsPublico/relatorioCNEs/10599/RelatorioCircunstanciado.html;1.672.156,57;0,00;0,00;646.692,02;0,00;0,00;0,00;0,00;0,00;0,00;2.318.848,59;0,00;0,00;0,00;7.073.539,15;0,00;0,00;1.326,00;7.074.865,15;9.393.713,74;0,00;22.563,96;2.486,18;0,00;0,00;0,00;0,00;0,00;0,00;0,00;0,00;0,00;0,00;0,00;0,00;0,00;0,00;25.050,14;0,00;0,00;0,00;307.410,96;307.410,96;0,00;0,00;8.157.408,51;0,00;0,00;903.844,18;0,00;0,00;9.061.252,69;9.393.713,79
58.224.692/0001-31;2013;http://portal.mj.gov.br/CNEsPublico/relatorioCNEs/140628/RelatorioCircunstanciado.html;11.247,45;0,00;0,00;120,00;0,00;0,00;0,00;0,00;965,97;0,00;12.333,42;35.500,00;35.500,00;0,00;891.452,62;112.406,19;0,00;0,00;779.046,43;826.879,85;0,00;0,00;7.148,35;0,00;0,00;0,00;2.310,62;262,91;0,00;0,00;0,00;0,00;0,00;0,00;0,00;0,00;1.761,08;11.482,96;0,00;0,00;0,00;44.000,00;44.000,00;0,00;0,00;678.834,52;21.979,04;0,00;78.774,72;8.191,39;0,00;771.396,89;826.879,85
58.250.267/0001-17;2013;http://portal.mj.gov.br/CNEsPublico/relatorioCNEs/141547/RelatorioCircunstanciado.html;10.870,83;0,00;0,00;2.340,54;20.670,17;0,00;0,00;0,00;0,00;0,00;33.881,54;0,00;0,00;0,00;5.263.173,14;0,00;0,00;0,00;5.263.173,14;5.297.054,68;0,00;0,00;6.548,20;0,00;0,00;0,00;0,00;762,95;0,00;0,00;0,00;0,00;0,00;0,00;0,00;0,00;0,00;7.311,15;0,00;0,00;0,00;0,00;0,00;0,00;0,00;5.081.875,83;0,00;0,00;207.867,70;0,00;0,00;5.289.743,53;5.297.054,68
58.191.008/0001-62;2013;http://portal.mj.gov.br/CNEsPublico/relatorioCNEs/141824/RelatorioCircunstanciado.html;319.375,06;0,00;0,00;1.212.356,33;1.006.573,41;6.493.867,73;5.263.712,67;610.716,85;1.642.226,98;33.360.343,58;39.381.747,27;54.651.080,19;54.651.080,19;430.027,09;194.028.521,48;76.194.220,99;0,00;0,00;118.264.327,58;212.297.155,04;2.039.811,05;5.587.779,21;683.179,12;0,00;0,00;0,00;7.554.575,46;1.059.380,71;0,00;0,00;0,00;0,00;0,00;0,00;0,00;0,00;893.528,04;17.818.253,59;50.577.158,35;0,00;0,00;0,00;50.577.158,35;4.305.093,53;4.305.093,53;136.493.980,11;0,00;0,00;3.102.669,46;0,00;0,00;139.596.649,57;212.297.155,04
58.222.910/0001-07;2013;http://portal.mj.gov.br/CNEsPublico/relatorioCNEs/142365/RelatorioCircunstanciado.html;728,42;567.883,16;0,00;43.997,12;64.722,30;0,00;0,00;0,00;4.719,76;125,72;682.176,48;0,00;0,00;0,00;964.039,45;0,00;0,00;0,00;964.039,45;1.646.215,93;19.846,60;0,00;91.853,91;0,00;0,00;0,00;0,00;223,66;46.827,00;0,00;0,00;0,00;0,00;0,00;0,00;0,00;0,40;158.751,57;0,00;0,00;0,00;0,00;0,00;0,00;0,00;1.318.065,19;223.223,26;0,00;129.267,60;53.823,69;0,00;1.616.732,36;1.775.483,93
52.246.451/0001-07;2013;http://portal.mj.gov.br/CNEsPublico/relatorioCNEs/143697/RelatorioCircunstanciado.html;136.447,45;0,00;19.600,00;45.536,33;351,90;138,00;0,00;0,00;0,00;0,00;202.073,68;34.977,91;34.977,91;81.630,10;1.477.254,12;78.690,54;0,00;2.322,00;1.482.515,68;1.719.567,27;5.275,93;85.363,32;19.287,21;0,00;0,00;0,00;0,00;2.091,42;0,00;0,00;0,00;0,00;0,00;0,00;0,00;0,00;693.045,84;805.063,72;0,00;0,00;0,00;0,00;0,00;0,00;0,00;1.095.540,68;0,00;0,00;0,00;181.037,13;0,00;914.503,55;1.719.567,27
58.269.515/0001-71;2013;http://portal.mj.gov.br/CNEsPublico/relatorioCNEs/144523/RelatorioCircunstanciado.html;56.848,91;0,00;0,00;0,00;0,00;8.558,03;0,00;0,00;2.034,83;0,00;67.441,77;0,00;0,00;0,00;1.054.258,42;0,00;0,00;0,00;1.054.258,42;1.121.700,19;3.613,24;97.015,25;1.284,79;528,84;0,00;0,00;0,00;0,00;0,00;0,00;0,00;0,00;0,00;0,00;0,00;0,00;879,58;103.321,70;0,00;0,00;0,00;0,00;0,00;0,00;0,00;1.018.378,49;0,00;0,00;0,00;0,00;0,00;1.018.378,49;1.121.700,19
58.259.433/0001-46;2013;http://portal.mj.gov.br/CNEsPublico/relatorioCNEs/147618/RelatorioCircunstanciado.html;16.810,29;0,00;0,00;0,00;0,00;0,00;0,00;0,00;0,00;0,00;16.810,29;0,00;0,00;0,00;175.423,52;80.939,09;0,00;0,00;94.484,43;111.294,72;0,00;29.041,98;0,00;0,00;0,00;0,00;0,00;0,00;0,00;0,00;0,00;0,00;0,00;0,00;0,00;0,00;0,00;29.041,98;43.000,00;0,00;0,00;0,00;43.000,00;0,00;0,00;286.415,93;0,00;24.836,55;0,00;271.999,74;0,00;39.252,74;111.294,72
71.554.695/0001-00;2013;http://portal.mj.gov.br/CNEsPublico/relatorioCNEs/148210/RelatorioCircunstanciado.html;112.634,94;0,00;0,00;0,00;55.808,94;79.981,36;0,00;0,00;0,00;22.134,19;270.559,43;0,00;0,00;0,00;53.973,13;6.857,01;0,00;0,00;47.116,12;317.675,55;0,00;287.082,21;5.666,21;0,00;0,00;0,00;0,00;512,88;0,00;0,00;0,00;0,00;0,00;0,00;0,00;0,00;4.050,80;297.312,10;0,00;0,00;0,00;0,00;0,00;0,00;0,00;274.728,11;0,00;0,00;48.797,94;303.162,60;0,00;20.363,45;317.675,55
11.043.826/0001-54;2013;http://portal.mj.gov.br/CNEsPublico/relatorioCNEs/149301/RelatorioCircunstanciado.html;0,00;0,00;0,00;0,00;0,00;0,00;0,00;0,00;0,00;0,00;0,00;0,00;0,00;0,00;7.000,00;0,00;0,00;0,00;7.000,00;7.000,00;0,00;0,00;0,00;0,00;0,00;0,00;0,00;0,00;0,00;0,00;0,00;0,00;0,00;0,00;0,00;0,00;0,00;0,00;0,00;0,00;0,00;0,00;0,00;0,00;0,00;4.830,00;0,00;0,00;0,00;0,00;0,00;4.830,00;4.830,00
71.545.636/0001-67;2013;http://portal.mj.gov.br/CNEsPublico/relatorioCNEs/150029/RelatorioCircunstanciado.html;1.358,00;0,00;0,00;0,00;0,00;0,00;0,00;0,00;500,00;531,00;2.389,00;0,00;0,00;0,00;520,00;0,00;0,00;0,00;520,00;2.909,00;400,00;0,00;0,00;0,00;0,00;0,00;0,00;0,00;0,00;0,00;0,00;0,00;0,00;0,00;0,00;0,00;26.576,00;26.976,00;0,00;0,00;0,00;0,00;0,00;0,00;0,00;7.869,00;0,00;0,00;0,00;31.936,00;0,00;-24.067,00;2.909,00
10.227.433/0001-38;2013;http://portal.mj.gov.br/CNEsPublico/relatorioCNEs/150215/RelatorioCircunstanciado.html;112.466,92;6.390,19;0,00;0,00;0,00;0,00;0,00;0,00;0,00;0,00;118.857,11;97.776,78;97.776,78;0,00;987,64;0,00;0,00;0,00;987,64;217.621,53;0,00;33.816,03;1.964,99;0,00;0,00;0,00;0,00;729,27;0,00;0,00;0,00;0,00;0,00;0,00;0,00;0,00;0,00;36.510,29;0,00;0,00;0,00;97.776,78;97.776,78;0,00;0,00;83.334,46;0,00;0,00;0,00;0,00;0,00;83.334,46;217.621,53
11.061.995/0001-17;2013;http://portal.mj.gov.br/CNEsPublico/relatorioCNEs/151029/RelatorioCircunstanciado.html;16.972,05;0,00;0,00;0,00;0,00;0,00;0,00;0,00;0,00;0,00;16.972,05;0,00;0,00;0,00;0,00;0,00;0,00;0,00;0,00;16.972,05;0,00;0,00;0,00;0,00;0,00;0,00;0,00;37,80;0,00;0,00;0,00;0,00;0,00;0,00;0,00;0,00;0,00;37,80;0,00;0,00;0,00;0,00;0,00;0,00;0,00;1.482,42;0,00;0,00;15.451,83;0,00;0,00;16.934,25;16.972,05
51.642.288/0001-39;2013;http://portal.mj.gov.br/CNEsPublico/relatorioCNEs/151700/RelatorioCircunstanciado.html;379.520,54;0,00;0,00;0,00;0,00;151.707,59;0,00;0,00;0,00;31.730,10;562.958,23;0,00;0,00;31.685,96;2.421.871,44;657,50;0,00;0,00;2.452.899,90;3.015.858,13;10.026,50;220.774,00;0,00;0,00;0,00;0,00;174.117,66;0,00;0,00;0,00;0,00;0,00;0,00;0,00;0,00;0,00;48.114,95;453.033,11;136.643,36;0,00;0,00;0,00;136.643,36;0,00;0,00;0,00;0,00;0,00;2.176.181,66;0,00;250.000,00;2.426.181,66;3.015.858,13
58.225.905/0001-40;2014;http://portal.mj.gov.br/CNEsPublico/relatorioCNEs/155151/RelatorioCircunstanciado.html;112.862,46;0,00;0,00;305.859,25;53.060,47;0,00;0,00;0,00;17.104,10;1.233.556,97;1.722.443,25;24.584,11;24.584,11;93,97;5.062.310,89;101.718,90;0,00;0,00;4.960.685,96;6.707.713,32;7.336,00;178.733,25;39.188,34;21.371,34;0,00;0,00;3,40;21.758,75;0,00;0,00;0,00;0,00;0,00;3.921,53;0,00;0,00;72.815,41;345.128,02;1.900.697,00;0,00;0,00;0,00;1.900.697,00;0,00;0,00;4.814.225,23;0,00;0,00;1.539.000,21;1.891.337,14;0,00;4.461.888,30;6.707.713,32
58.258.633/0001-84;2011;http://portal.mj.gov.br/CNEsPublico/relatorioCNEs/108533/RelatorioCircunstanciado.html;125.321,86;0,00;9.506,99;0,00;0,00;0,00;0,00;0,00;0,00;0,00;134.828,85;0,00;0,00;0,00;515.967,43;0,00;0,00;0,00;515.967,43;650.796,28;0,00;0,00;0,00;0,00;0,00;0,00;0,00;0,00;0,00;0,00;0,00;0,00;0,00;0,00;0,00;0,00;0,00;0,00;0,00;12.359,86;0,00;0,00;12.359,86;0,00;0,00;368.159,86;0,00;0,00;270.276,56;0,00;0,00;638.436,42;650.796,28
58.207.572/0001-26;2014;http://portal.mj.gov.br/CNEsPublico/relatorioCNEs/156548/RelatorioCircunstanciado.html;449.729.882,46;0,00;541.420,00;10.531.339,32;532.125,13;690,00;0,00;0,00;7.177,90;1.000,00;461.343.634,81;13.481.895,06;13.481.895,06;15.850.055,01;82.600.222,49;12.534.247,42;0,00;120.092,47;86.036.122,55;560.861.652,42;1.008.047,57;26.506,01;755.647,21;25.995,23;0,00;0,00;0,00;0,00;0,00;0,00;0,00;0,00;0,00;0,00;0,00;0,00;1.296.547,24;3.112.743,26;0,00;0,00;0,00;0,00;0,00;1.076.138,18;1.076.138,18;507.434.152,66;0,00;0,00;49.238.618,32;0,00;0,00;556.672.770,98;560.861.652,42
58.191.008/0001-62;2014;http://portal.mj.gov.br/CNEsPublico/relatorioCNEs/159494/RelatorioCircunstanciado.html;46.717.906,57;0,00;0,00;7.360.773,27;1.453.752,31;0,00;5.082.050,89;571.234,59;2.283.745,05;343.975,69;53.649.336,59;29.345.637,50;29.345.637,50;430.027,09;197.158.670,04;79.713.680,52;0,00;0,00;117.875.016,61;200.869.990,70;2.282.446,46;5.917.963,44;726.063,03;0,00;0,00;0,00;8.326.301,91;1.179.378,61;0,00;0,00;0,00;0,00;0,00;0,00;0,00;0,00;1.291.292,41;19.723.445,86;42.250.856,44;0,00;0,00;0,00;42.250.856,44;4.825.244,62;4.825.244,62;128.847.262,34;0,00;0,00;5.223.181,44;0,00;0,00;134.070.443,78;200.869.990,70
58.251.711/0001-19;2014;http://portal.mj.gov.br/CNEsPublico/relatorioCNEs/162991/RelatorioCircunstanciado.html;164.588.936,92;0,00;0,00;57.878.843,57;2.929,53;8.493.054,60;0,00;3.933.585,85;155.417,87;19.083.035,60;254.135.803,94;31.964.084,48;31.964.084,48;0,00;67.960.797,13;20.660.337,65;0,00;0,00;47.300.459,48;333.400.347,90;534.819,56;6.635.159,47;1.620.160,58;2.804.631,66;0,00;5.852.152,58;99,50;1.814.643,21;0,00;438.399,87;0,00;0,00;0,00;0,00;0,00;0,00;0,00;19.700.066,43;0,00;0,00;0,00;5.893.656,15;5.893.656,15;0,00;0,00;0,00;0,00;0,00;307.806.625,32;0,00;0,00;307.806.625,32;333.400.347,90
58.250.267/0001-17;2014;http://portal.mj.gov.br/CNEsPublico/relatorioCNEs/164189/RelatorioCircunstanciado.html;30.322,20;0,00;0,00;16.000,00;12.319,17;0,00;0,00;0,00;0,00;0,00;58.641,37;0,00;0,00;0,00;5.271.130,14;0,00;0,00;0,00;5.271.130,14;5.329.771,51;0,00;0,00;3.931,12;0,00;0,00;0,00;0,00;142,49;0,00;0,00;0,00;0,00;0,00;0,00;0,00;0,00;0,00;4.073,61;0,00;0,00;0,00;0,00;0,00;0,00;0,00;5.081.875,83;0,00;0,00;243.822,07;0,00;0,00;5.325.697,90;5.329.771,51
15.699.589/0001-35;2014;http://portal.mj.gov.br/CNEsPublico/relatorioCNEs/167017/RelatorioCircunstanciado.html;7,54;0,00;0,00;0,00;0,00;0,00;0,00;0,00;0,00;0,00;7,54;0,00;0,00;0,00;2.052,00;205,20;0,00;0,00;1.846,80;1.854,34;10.901,28;0,00;0,00;0,00;0,00;0,00;0,00;3,35;0,00;0,00;0,00;0,00;0,00;0,00;0,00;0,00;26.979,81;37.884,44;0,00;0,00;0,00;0,00;0,00;0,00;0,00;0,00;0,00;0,00;0,00;36.030,10;0,00;-36.030,10;1.854,34
58.230.293/0001-83;2007;http://portal.mj.gov.br/CNEsPublico/relatorioCNEs/25830/RelatorioCircunstanciado.html;65.135,79;0,00;0,00;0,00;0,00;0,00;0,00;0,00;0,00;0,00;65.135,79;0,00;0,00;0,00;86.840,60;0,00;0,00;50.803,20;137.643,80;202.779,59;0,00;0,00;0,00;0,00;0,00;0,00;0,00;0,00;0,00;0,00;0,00;0,00;0,00;0,00;0,00;0,00;0,00;0,00;0,00;0,00;0,00;0,00;0,00;0,00;0,00;128.640,13;0,00;0,00;23.336,26;0,00;50.803,20;202.779,59;202.779,59
58.218.207/0001-17;2007;http://portal.mj.gov.br/CNEsPublico/relatorioCNEs/25852/RelatorioCircunstanciado.html;459.789,35;0,00;0,00;23.104,81;0,00;35.797,91;0,00;39.487,33;0,00;0,00;558.179,40;0,00;0,00;0,00;1.488.827,26;0,00;0,00;0,00;1.488.827,26;2.047.006,66;31.427,33;90.645,03;17.202,14;0,00;0,00;0,00;0,00;9.716,12;0,00;0,00;0,00;0,00;0,00;0,00;0,00;0,00;3.885,84;152.876,46;0,00;0,00;0,00;0,00;0,00;0,00;0,00;1.804.992,47;292.077,70;0,00;0,00;202.939,97;0,00;1.894.130,20;2.047.006,66
58.194.622/0001-88;2008;http://portal.mj.gov.br/CNEsPublico/relatorioCNEs/26387/RelatorioCircunstanciado.html;637.260,70;0,00;0,00;12.547.269,36;152.767,35;952.027,28;3.909.647,13;646.827,26;19.785,63;0,00;11.046.290,45;1.806.046,77;1.806.046,77;0,00;77.388.638,73;4.778.405,51;0,00;1.764,00;72.611.997,22;85.464.334,44;8.313.273,42;809.972,26;5.606.005,79;5.788.453,82;0,00;0,00;7.518.551,44;0,00;0,00;0,00;0,00;0,00;0,00;0,00;660.892,11;0,00;3.924.672,78;32.621.821,62;3.283.592,91;0,00;0,00;5.746.570,06;9.030.162,97;0,00;0,00;2.337.404,70;0,00;64.323.754,68;360.703,74;23.209.513,27;0,00;43.812.349,85;85.464.334,44
58.225.905/0001-40;2008;http://portal.mj.gov.br/CNEsPublico/relatorioCNEs/26785/RelatorioCircunstanciado.html;0,00;363.741,30;0,00;74.269,75;0,00;0,00;0,00;0,00;1.069,56;1.002.966,82;1.442.047,43;0,00;0,00;0,00;4.725.195,63;101.959,26;130.021,47;0,00;4.753.257,84;6.195.305,27;16.860,44;9.397,76;0,00;0,00;0,00;0,00;3,40;0,00;0,00;0,00;0,00;0,00;0,00;0,00;0,00;0,00;0,00;26.261,60;900.000,00;0,00;0,00;0,00;900.000,00;0,00;0,00;4.814.225,23;0,00;0,00;781.687,24;326.868,80;0,00;5.269.043,67;6.195.305,27
64.715.899/0001-01;2008;http://portal.mj.gov.br/CNEsPublico/relatorioCNEs/27268/RelatorioCircunstanciado.html;36.450,62;0,00;0,00;0,00;0,00;0,00;0,00;0,00;0,00;5.630,00;42.080,62;0,00;0,00;0,00;189.361,69;34.056,57;0,00;0,00;155.305,12;197.385,74;0,00;0,00;75,64;0,00;0,00;0,00;0,00;0,00;0,00;0,00;0,00;0,00;0,00;0,00;0,00;0,00;42.014,01;42.089,65;0,00;0,00;0,00;0,00;0,00;0,00;0,00;0,00;0,00;0,00;155.296,09;0,00;0,00;155.296,09;197.385,74
58.191.008/0001-62;2008;http://portal.mj.gov.br/CNEsPublico/relatorioCNEs/27353/RelatorioCircunstanciado.html;488.902,80;22.520.387,74;0,00;586.618,56;651.262,26;7.853.465,58;5.906.759,26;490.052,12;865.190,62;835.051,74;28.384.172,16;28.186.234,62;28.186.234,62;0,00;133.123.656,98;40.329.703,52;0,00;0,00;92.793.953,46;149.364.360,24;835.945,41;4.465.890,31;630.969,41;750.436,26;0,00;0,00;19.656.043,45;1.069.991,57;0,00;0,00;0,00;0,00;0,00;0,00;0,00;839.376,86;0,00;28.248.653,27;2.332.738,68;0,00;0,00;0,00;2.332.738,68;4.339.085,62;4.339.085,62;114.443.882,67;0,00;0,00;0,00;0,00;0,00;114.443.882,67;149.364.360,24
58.198.128/0001-91;2008;http://portal.mj.gov.br/CNEsPublico/relatorioCNEs/27427/RelatorioCircunstanciado.html;271.768,68;0,00;0,00;0,00;0,00;0,00;0,00;0,00;0,00;0,00;271.768,68;0,00;0,00;0,00;1.001.515,37;6.583,09;0,00;0,00;994.932,28;1.266.700,96;0,00;6.794,98;959,88;0,00;0,00;0,00;0,00;30,00;0,00;0,00;0,00;0,00;0,00;0,00;0,00;0,00;343,82;8.128,68;0,00;0,00;0,00;0,00;0,00;0,00;0,00;289.609,72;0,00;0,00;968.962,56;0,00;0,00;1.258.572,28;1.266.700,96
71.545.636/0001-67;2007;http://portal.mj.gov.br/CNEsPublico/relatorioCNEs/27623/RelatorioCircunstanciado.html;796,33;0,00;0,00;10.000,00;0,00;0,00;0,00;0,00;0,00;0,00;10.796,33;0,00;0,00;0,00;17.579,00;0,00;250,00;0,00;17.829,00;28.625,33;0,00;0,00;0,00;0,00;0,00;0,00;0,00;0,00;0,00;0,00;0,00;0,00;0,00;0,00;0,00;0,00;26.157,34;26.157,34;0,00;0,00;0,00;0,00;0,00;0,00;0,00;9.644,95;4.660,00;0,00;8.050,55;3.786,41;0,00;18.569,09;44.726,43
58.269.515/0001-71;2008;http://portal.mj.gov.br/CNEsPublico/relatorioCNEs/27680/RelatorioCircunstanciado.html;89.951,77;0,00;0,00;0,00;0,00;0,00;0,00;0,00;0,00;0,00;89.951,77;0,00;0,00;0,00;719.785,43;0,00;0,00;0,00;719.785,43;809.737,20;0,00;25.122,15;8.570,05;0,00;0,00;0,00;0,00;1.562,15;0,00;0,00;0,00;0,00;0,00;0,00;0,00;0,00;0,00;35.254,35;0,00;1.378,00;0,00;0,00;1.378,00;0,00;0,00;801.911,80;0,00;0,00;0,00;28.806,95;0,00;773.104,85;809.737,20
71.545.636/0001-67;2006;http://portal.mj.gov.br/CNEsPublico/relatorioCNEs/27960/RelatorioCircunstanciado.html;71,01;0,00;0,00;10.000,00;0,00;0,00;0,00;0,00;0,00;0,00;10.071,01;0,00;0,00;0,00;12.979,00;0,00;250,00;0,00;13.229,00;23.300,01;0,00;0,00;0,00;0,00;0,00;0,00;0,00;0,00;0,00;0,00;0,00;0,00;0,00;0,00;0,00;0,00;21.645,61;21.645,61;0,00;0,00;0,00;0,00;0,00;0,00;0,00;9.644,95;60,00;0,00;0,00;8.050,55;0,00;1.654,40;23.300,01
58.207.572/0001-26;2008;http://portal.mj.gov.br/CNEsPublico/relatorioCNEs/28195/RelatorioCircunstanciado.html;257.657.744,46;0,00;0,00;7.711.599,70;1.030.691,01;0,00;0,00;0,00;5.241,46;0,00;266.405.276,63;13.346.155,59;13.346.155,59;11.055.062,32;37.801.100,90;8.560.155,62;0,00;5.056.230,28;45.352.237,88;325.103.670,10;195.892,77;7.221,52;547.278,16;8.778,69;0,00;0,00;0,00;0,00;0,00;0,00;0,00;0,00;0,00;0,00;0,00;0,00;241.833,15;1.001.004,29;0,00;0,00;0,00;0,00;0,00;1.277.905,75;1.277.905,75;282.784.189,74;0,00;0,00;40.040.570,32;0,00;0,00;322.824.760,06;325.103.670,10
58.269.515/0001-71;2011;http://portal.mj.gov.br/CNEsPublico/relatorioCNEs/109750/RelatorioCircunstanciado.html;116.781,68;0,00;0,00;0,00;0,00;0,00;0,00;0,00;0,00;0,00;116.781,68;0,00;0,00;0,00;733.469,58;0,00;0,00;0,00;733.469,58;850.251,26;0,00;45.380,93;27.206,52;0,00;0,00;0,00;0,00;479,66;0,00;0,00;0,00;0,00;0,00;0,00;0,00;0,00;0,00;73.067,11;0,00;22.335,26;0,00;0,00;22.335,26;0,00;0,00;779.654,96;0,00;0,00;0,00;24.806,07;0,00;754.848,89;850.251,26
58.149.030/0001-44;2011;http://portal.mj.gov.br/CNEsPublico/relatorioCNEs/109788/RelatorioCircunstanciado.html;5.645,94;0,00;0,00;0,00;0,00;0,00;0,00;0,00;0,00;392,35;6.038,29;0,00;0,00;0,00;219.403,51;25.284,64;0,00;0,00;194.118,87;200.157,16;0,00;0,00;0,00;0,00;0,00;0,00;72,57;53,58;0,00;0,00;0,00;0,00;0,00;0,00;0,00;0,00;0,00;126,15;0,00;0,00;0,00;0,00;0,00;0,00;0,00;192.076,51;0,00;0,00;7.954,50;0,00;0,00;200.031,01;200.157,16
58.191.008/0001-62;2006;http://portal.mj.gov.br/CNEsPublico/relatorioCNEs/11076/RelatorioCircunstanciado.html;160.486,46;17.426.353,52;0,00;607.858,92;572.681,42;9.481.305,68;6.857.300,17;0,00;199.396,48;0,00;21.590.782,31;11.446.239,97;11.446.239,97;370.397,51;131.729.108,14;31.461.319,53;0,00;0,00;100.638.186,12;133.675.208,40;837.116,30;4.814.107,24;626.454,13;416.613,26;0,00;0,00;12.416.289,35;449.869,51;0,00;0,00;0,00;0,00;0,00;0,00;0,00;0,00;0,00;19.560.449,79;8.202.873,48;0,00;0,00;0,00;8.202.873,48;3.691.626,55;3.691.626,55;102.220.258,58;0,00;0,00;0,00;0,00;0,00;102.220.258,58;133.675.208,40
58.219.551/0001-20;2008;http://portal.mj.gov.br/CNEsPublico/relatorioCNEs/28876/RelatorioCircunstanciado.html;15.661,21;37.707,54;0,00;0,00;20.297,92;0,00;0,00;0,00;1.946,10;0,00;75.612,77;1.600.600,00;1.600.600,00;1.153.872,34;13.961.655,97;0,00;0,00;9.215.490,21;24.331.018,52;26.007.231,29;8.776,21;45.203,37;18.078,53;8.692,81;0,00;0,00;0,00;0,00;0,00;0,00;0,00;0,00;0,00;0,00;0,00;0,00;0,00;80.750,92;0,00;755.565,24;17.530,24;0,00;773.095,48;0,00;0,00;25.001.882,35;0,00;0,00;151.502,54;0,00;0,00;25.153.384,89;26.007.231,29
58.238.866/0001-15;2011;http://portal.mj.gov.br/CNEsPublico/relatorioCNEs/109900/RelatorioCircunstanciado.html;56.487,32;0,00;0,00;960,67;20.896,79;75,00;0,00;0,00;0,00;0,00;78.419,78;3.237,54;3.237,54;0,00;696.962,74;361.705,58;0,00;0,00;335.257,16;416.914,48;16.216,31;0,00;11.989,79;0,00;0,00;0,00;0,00;1.568,22;0,00;0,00;0,00;0,00;0,00;0,00;0,00;0,00;88.943,51;118.717,83;0,00;0,00;0,00;0,00;0,00;0,00;0,00;0,00;0,00;0,00;617.901,87;319.705,22;0,00;298.196,65;416.914,48
54.346.127/0001-96;2008;http://portal.mj.gov.br/CNEsPublico/relatorioCNEs/31129/RelatorioCircunstanciado.html;143.522,38;0,00;0,00;0,00;3.366,72;0,00;0,00;0,00;0,00;177,39;147.066,49;0,00;0,00;0,00;349.001,67;11.893,11;1.194,50;0,00;338.303,06;485.369,55;0,00;3.260,80;3.265,68;0,00;0,00;0,00;10.926,00;3.603,96;0,00;0,00;0,00;0,00;0,00;0,00;0,00;0,00;0,00;21.056,44;0,00;0,00;0,00;0,00;0,00;0,00;0,00;0,00;0,00;0,00;464.313,11;0,00;0,00;464.313,11;485.369,55
68.018.050/0001-30;2008;http://portal.mj.gov.br/CNEsPublico/relatorioCNEs/31273/RelatorioCircunstanciado.html;73.967,17;0,00;0,00;0,00;38.389,97;3.376,86;0,00;2.880,54;0,00;0,00;118.614,54;0,00;0,00;0,00;533.820,41;66.406,06;0,00;0,00;467.414,35;586.028,89;0,00;10.003,61;41.212,08;0,00;0,00;0,00;13.552,22;9.705,69;0,00;0,00;0,00;0,00;0,00;0,00;0,00;0,00;4.962,14;79.435,74;14.317,91;0,00;0,00;200.772,17;215.090,08;0,00;0,00;0,00;0,00;0,00;212.979,72;0,00;78.523,35;291.503,07;586.028,89
64.042.740/0001-73;2011;http://portal.mj.gov.br/CNEsPublico/relatorioCNEs/110050/RelatorioCircunstanciado.html;500,79;86.573,89;5.354,58;0,00;21.552,44;658,99;0,00;0,00;0,00;0,00;114.640,69;0,00;0,00;20.234,63;154.393,15;0,00;0,00;275.899,60;450.527,38;565.168,07;0,00;9.556,16;0,00;0,00;0,00;0,00;0,00;0,00;0,00;0,00;0,00;0,00;0,00;0,00;0,00;0,00;5.001,25;14.557,41;0,00;1.109,19;0,00;656,80;1.765,99;0,00;0,00;60.773,65;0,00;0,00;578.895,72;90.824,70;0,00;548.844,67;565.168,07
58.218.207/0001-17;2008;http://portal.mj.gov.br/CNEsPublico/relatorioCNEs/32116/RelatorioCircunstanciado.html;137.254,00;0,00;0,00;0,00;39.309,00;125.396,00;0,00;53.978,00;0,00;6.330,00;362.267,00;0,00;0,00;0,00;2.278.864,00;97.112,00;0,00;0,00;2.181.752,00;2.544.019,00;79.614,00;0,00;22.693,00;0,00;0,00;0,00;0,00;11.905,00;0,00;0,00;0,00;0,00;0,00;0,00;0,00;0,00;8.422,00;122.634,00;0,00;0,00;0,00;0,00;0,00;0,00;0,00;1.894.949,00;311.672,00;0,00;37.770,00;0,00;176.994,00;2.421.385,00;2.544.019,00
66.505.017/0001-09;2008;http://portal.mj.gov.br/CNEsPublico/relatorioCNEs/32182/RelatorioCircunstanciado.html;79.833,00;0,00;0,00;0,00;2.776,61;2.349,99;0,00;0,00;1.714,02;2.800,00;89.473,62;4.059,39;4.059,39;0,00;80.186,07;17.923,77;0,00;0,00;62.262,30;155.795,31;27.555,47;188.664,80;0,00;0,00;7.328,55;0,00;747,81;0,00;0,00;0,00;0,00;0,00;0,00;0,00;0,00;0,00;146.752,40;371.049,03;15.806,54;0,00;0,00;797.834,32;813.640,86;0,00;0,00;0,00;0,00;0,00;73.292,50;1.102.187,08;0,00;-1.028.894,58;155.795,31
58.198.227/0001-73;2008;http://portal.mj.gov.br/CNEsPublico/relatorioCNEs/33257/RelatorioCircunstanciado.html;2.181.643,80;0,00;0,00;705.949,13;0,00;0,00;0,00;0,00;0,00;0,00;2.887.592,93;0,00;0,00;0,00;7.301.184,21;0,00;0,00;4.033,00;7.305.217,21;10.192.810,14;0,00;20.922,19;7.877,99;0,00;0,00;0,00;0,00;0,00;0,00;0,00;0,00;0,00;0,00;0,00;0,00;0,00;0,00;28.800,18;0,00;0,00;0,00;192.568,16;192.568,16;0,00;0,00;9.069.545,10;0,00;0,00;901.896,70;0,00;0,00;9.971.441,80;10.192.810,14
66.505.017/0001-09;2011;http://portal.mj.gov.br/CNEsPublico/relatorioCNEs/110274/RelatorioCircunstanciado.html;43.929,81;0,00;0,00;0,00;0,00;2.844,21;0,00;0,00;141,50;19.753,76;66.669,28;6.905,91;6.905,91;0,00;82.517,98;35.428,81;0,00;0,00;47.089,17;120.664,36;0,00;27.200,42;940.259,71;0,00;3.631,19;0,00;0,00;190.391,07;0,00;0,00;0,00;0,00;0,00;0,00;10.100,00;0,00;0,00;1.171.582,39;82.327,25;0,00;0,00;797.834,32;880.161,57;0,00;0,00;0,00;0,00;0,00;0,00;1.931.079,60;0,00;-1.931.079,60;120.664,36
58.253.667/0001-86;2008;http://portal.mj.gov.br/CNEsPublico/relatorioCNEs/36089/RelatorioCircunstanciado.html;3.330.079,59;0,00;340.329,25;220,00;138.695,92;63,90;0,00;0,00;0,00;0,00;3.809.388,66;1.860.514,18;1.860.514,18;0,00;369.325,20;0,00;2.940,71;0,00;372.265,91;6.042.168,75;33.118,80;206.719,47;66.232,02;0,00;0,00;0,00;0,00;0,00;0,00;0,00;0,00;0,00;0,00;0,00;0,00;0,00;3.147,21;309.217,50;0,00;0,00;0,00;191.657,23;191.657,23;0,00;0,00;5.541.294,02;0,00;0,00;0,00;0,00;0,00;5.541.294,02;6.042.168,75
58.250.267/0001-17;2008;http://portal.mj.gov.br/CNEsPublico/relatorioCNEs/37260/RelatorioCircunstanciado.html;19.740,22;0,00;0,00;0,00;0,00;2.700,68;0,00;0,00;0,00;0,00;22.440,90;0,00;0,00;0,00;228.213,19;0,00;0,00;0,00;228.213,19;250.654,09;769,65;0,00;0,00;0,00;0,00;0,00;0,00;0,00;0,00;0,00;0,00;0,00;0,00;0,00;0,00;0,00;0,00;769,65;0,00;0,00;0,00;0,00;0,00;0,00;0,00;55.766,94;0,00;0,00;194.117,50;0,00;0,00;249.884,44;250.654,09
51.642.288/0001-39;2007;http://portal.mj.gov.br/CNEsPublico/relatorioCNEs/37986/RelatorioCircunstanciado.html;62.251,77;0,00;0,00;0,00;0,00;89.138,66;0,00;0,00;0,00;0,00;151.390,43;0,00;0,00;23.380,67;2.429.019,44;0,00;0,00;0,00;2.452.400,11;2.603.790,54;0,00;0,00;4.551,07;0,00;0,00;0,00;148.686,95;0,00;0,00;0,00;0,00;0,00;0,00;0,00;0,00;0,00;0,00;153.238,02;0,00;0,00;0,00;0,00;0,00;0,00;0,00;0,00;0,00;0,00;2.450.552,52;0,00;0,00;2.450.552,52;2.603.790,54
58.228.453/0001-50;2011;http://portal.mj.gov.br/CNEsPublico/relatorioCNEs/110585/RelatorioCircunstanciado.html;60.429,54;0,00;0,00;0,00;0,00;0,00;0,00;0,00;0,00;0,00;60.429,54;0,00;0,00;0,05;8.812,95;0,00;0,00;0,00;8.813,00;69.242,54;0,00;27.161,06;142,22;0,00;0,00;0,00;0,00;0,00;0,00;0,00;0,00;0,00;0,00;0,00;0,00;0,00;0,00;27.303,28;0,00;0,00;0,00;0,00;0,00;0,00;0,00;0,00;0,00;0,00;107.600,70;65.661,16;0,00;41.939,54;69.242,82
58.198.524/0001-19;2008;http://portal.mj.gov.br/CNEsPublico/relatorioCNEs/39992/RelatorioCircunstanciado.html;16.007.225,69;0,00;0,00;18.070.746,32;529.338,94;2.662.584,23;690.854,55;5.039.894,83;1.124.570,45;0,00;42.743.505,91;9.315.046,38;9.315.046,38;19.314.404,76;101.021.993,75;15.973.289,42;0,00;0,00;104.363.109,09;156.421.661,38;23.450.013,46;4.786.884,16;2.786.798,71;8.685.118,99;0,00;0,00;19.237.450,23;0,00;0,00;0,00;648.090,91;0,00;0,00;0,00;0,00;16.295,91;19.176.121,52;78.786.773,89;19.522.650,11;34.848,08;0,00;7.686.821,89;27.244.320,08;575.000,00;575.000,00;65.690.011,27;0,00;0,00;0,00;15.874.443,86;0,00;49.815.567,41;156.421.661,38
52.246.451/0001-07;2008;http://portal.mj.gov.br/CNEsPublico/relatorioCNEs/40286/RelatorioCircunstanciado.html;137.524,17;0,00;0,00;55.567,00;820,00;0,00;0,00;0,00;0,00;0,00;193.911,17;847,91;847,91;0,00;1.384.893,31;10.839,32;0,00;2.322,00;1.376.375,99;1.571.135,07;6.792,04;20.552,18;8.455,79;0,00;0,00;0,00;0,00;947,39;0,00;0,00;0,00;0,00;0,00;0,00;0,00;0,00;40.959,03;77.706,43;0,00;0,00;0,00;0,00;0,00;0,00;0,00;1.472.727,87;0,00;0,00;20.700,77;0,00;0,00;1.493.428,64;1.571.135,07
58.251.711/0001-19;2008;http://portal.mj.gov.br/CNEsPublico/relatorioCNEs/41461/RelatorioCircunstanciado.html;80.968.398,13;0,00;0,00;1.524.053,59;209.512,32;0,00;0,00;578.319,15;0,00;18.810.011,68;102.090.294,87;1.206.071,19;1.206.071,19;0,00;34.032.699,85;7.750.659,94;0,00;0,00;26.282.039,91;129.578.405,97;184.992,87;3.743.121,41;537.850,23;342.555,54;0,00;0,00;0,00;823.917,11;0,00;0,00;0,00;0,00;0,00;0,00;0,00;0,00;659.803,65;6.292.240,81;0,00;0,00;0,00;44.823.558,32;44.823.558,32;0,00;0,00;72.579.736,53;0,00;0,00;5.882.581,06;0,00;0,00;78.462.317,59;129.578.116,72
68.011.865/0001-97;2011;http://portal.mj.gov.br/CNEsPublico/relatorioCNEs/110859/RelatorioCircunstanciado.html;1.522,67;0,00;0,00;0,00;0,00;0,00;0,00;0,00;0,00;0,00;1.522,67;0,00;0,00;0,00;0,00;0,00;0,00;0,00;0,00;1.522,67;0,00;46.776,08;18,75;0,00;1.717,21;0,00;0,00;251,98;0,00;0,00;0,00;0,00;0,00;0,00;0,00;0,00;0,00;48.764,02;0,00;0,00;0,00;0,00;0,00;0,00;0,00;0,00;0,00;0,00;22.529,50;69.770,85;0,00;-47.241,35;1.522,67
58.167.032/0001-66;2006;http://portal.mj.gov.br/CNEsPublico/relatorioCNEs/43500/RelatorioCircunstanciado.html;136.799,76;0,00;0,00;1.412,00;5.295,64;0,00;0,00;0,00;0,00;0,00;143.507,40;0,00;0,00;1.153.244,89;0,00;164.951,79;0,00;449,90;988.743,00;1.132.250,40;131,00;17.394,00;2.939,38;0,00;0,00;0,00;0,00;0,00;0,00;0,00;0,00;0,00;0,00;0,00;0,00;0,00;0,00;20.464,38;0,00;0,00;0,00;0,00;0,00;0,00;0,00;1.154.295,64;0,00;0,00;0,00;42.509,62;0,00;1.111.786,02;1.132.250,40
71.545.636/0001-67;2008;http://portal.mj.gov.br/CNEsPublico/relatorioCNEs/43541/RelatorioCircunstanciado.html;359,33;0,00;0,00;10.000,00;0,00;0,00;0,00;0,00;0,00;1.423,98;11.783,31;0,00;0,00;0,00;17.579,00;0,00;250,00;0,00;17.829,00;29.612,31;0,00;0,00;0,00;0,00;0,00;0,00;0,00;0,00;0,00;0,00;0,00;0,00;0,00;0,00;0,00;0,00;27.277,85;27.277,85;0,00;0,00;0,00;2.334,46;2.334,46;0,00;0,00;0,00;0,00;0,00;0,00;0,00;0,00;0,00;29.612,31
64.042.740/0001-73;2008;http://portal.mj.gov.br/CNEsPublico/relatorioCNEs/44163/RelatorioCircunstanciado.html;87.941,65;5.957,77;27.921,93;0,00;0,00;0,00;0,00;0,00;0,00;5.907,14;127.728,49;0,00;0,00;269.673,60;134.629,71;54.430,45;0,00;0,00;349.872,86;477.601,35;0,00;6.141,81;0,00;0,00;270,00;0,00;0,00;714,11;0,00;0,00;0,00;0,00;0,00;0,00;0,00;0,00;0,00;7.125,92;0,00;0,00;0,00;0,00;0,00;0,00;0,00;0,00;0,00;0,00;470.475,43;0,00;0,00;470.475,43;477.601,35
68.025.576/0001-47;2011;http://portal.mj.gov.br/CNEsPublico/relatorioCNEs/111540/RelatorioCircunstanciado.html;614,50;0,00;0,00;0,00;300,00;3.680,65;0,00;0,00;0,00;232,05;4.827,20;0,00;0,00;0,00;577.401,32;1.115,26;0,00;0,00;576.286,06;581.113,26;4.749,19;12.787,00;9.719,71;0,00;0,00;0,00;98.333,44;4.110,27;0,00;0,00;0,00;0,00;0,00;0,00;0,00;0,00;0,00;129.699,61;0,00;0,00;0,00;0,00;0,00;0,00;0,00;544.813,69;0,00;0,00;0,00;93.400,04;0,00;451.413,65;581.113,26
66.505.017/0001-09;2007;http://portal.mj.gov.br/CNEsPublico/relatorioCNEs/13035/RelatorioCircunstanciado.html;66.743,85;0,00;0,00;0,00;0,00;2.275,97;0,00;0,00;1.714,02;400,00;71.133,84;3.104,06;3.104,06;0,00;23.289,07;17.923,77;0,00;0,00;5.365,30;79.603,20;0,00;37.519,13;151.407,56;0,00;28.656,87;0,00;10.708,58;155,75;0,00;0,00;0,00;0,00;0,00;0,00;0,00;0,00;121.428,29;349.876,18;33.621,14;0,00;0,00;797.834,32;831.455,46;0,00;0,00;0,00;0,00;0,00;0,00;1.101.728,44;0,00;-1.101.728,44;79.603,20
58.250.267/0001-17;2011;http://portal.mj.gov.br/CNEsPublico/relatorioCNEs/111864/RelatorioCircunstanciado.html;16.568,07;0,00;0,00;2.340,54;16.994,75;0,00;0,00;0,00;0,00;0,00;35.903,36;0,00;0,00;0,00;237.064,25;0,00;0,00;0,00;237.064,25;272.967,61;0,00;14.449,11;9.068,61;0,00;0,00;0,00;3.500,00;0,00;0,00;0,00;0,00;0,00;0,00;0,00;0,00;0,00;0,00;27.017,72;0,00;0,00;0,00;0,00;0,00;0,00;0,00;55.766,94;0,00;0,00;190.182,95;0,00;0,00;245.949,89;272.967,61
58.269.515/0001-71;2009;http://portal.mj.gov.br/CNEsPublico/relatorioCNEs/51233/RelatorioCircunstanciado.html;107.603,32;0,00;0,00;0,00;0,00;0,00;0,00;0,00;0,00;0,00;107.603,32;0,00;0,00;0,00;720.589,43;0,00;0,00;0,00;720.589,43;828.192,75;0,00;30.021,44;8.317,17;0,00;0,00;0,00;0,00;1.487,27;0,00;0,00;0,00;0,00;0,00;0,00;0,00;0,00;0,00;39.825,88;0,00;8.711,91;0,00;0,00;8.711,91;0,00;0,00;801.911,80;0,00;0,00;0,00;22.256,84;0,00;779.654,96;828.192,75
58.222.910/0001-07;2009;http://portal.mj.gov.br/CNEsPublico/relatorioCNEs/51625/RelatorioCircunstanciado.html;1.035,87;254.536,18;0,00;23.134,77;35.556,52;0,00;0,00;0,00;3.619,90;2.141,34;320.024,58;0,00;0,00;0,00;327.446,99;79.118,82;0,00;517.644,91;765.973,08;1.085.997,66;20.314,78;0,00;24.846,07;0,00;0,00;0,00;0,00;0,00;0,00;0,00;0,00;0,00;0,00;0,00;0,00;0,00;991,77;46.152,62;0,00;0,00;0,00;0,00;0,00;0,00;0,00;912.973,45;193.223,26;0,00;0,00;66.928,00;576,33;1.039.845,04;1.085.997,66
55.674.980/0001-08;2009;http://portal.mj.gov.br/CNEsPublico/relatorioCNEs/53215/RelatorioCircunstanciado.html;0,00;26.281,00;0,00;0,00;0,00;0,00;0,00;0,00;0,00;48,09;26.329,09;0,00;0,00;0,00;219.148,51;80.258,25;0,00;0,00;138.890,26;165.219,35;7.472,37;98.389,83;618.830,34;909,24;0,00;0,00;18.776,83;5.962,82;0,00;0,00;0,00;0,00;0,00;0,00;0,00;0,00;1.627,26;751.968,69;0,00;0,00;0,00;0,00;0,00;0,00;0,00;87.370,29;0,00;0,00;0,00;674.119,63;0,00;-586.749,34;165.219,35
58.219.551/0001-20;2009;http://portal.mj.gov.br/CNEsPublico/relatorioCNEs/54165/RelatorioCircunstanciado.html;17.282,81;42.063,15;0,00;1.550.000,00;34.196,37;0,00;0,00;0,00;2.136,38;0,00;1.645.678,71;0,00;0,00;1.453.872,34;14.099.006,22;0,00;0,00;8.853.694,08;24.406.572,64;26.052.251,35;5.662,97;55.037,97;22.616,17;5.870,17;0,00;0,00;0,00;0,00;0,00;0,00;0,00;0,00;0,00;0,00;0,00;0,00;0,00;89.187,28;0,00;460.617,91;20.470,46;0,00;481.088,37;0,00;0,00;25.470.210,92;0,00;0,00;11.764,78;0,00;0,00;25.481.975,70;26.052.251,35
22.690.069/0001-27;2009;http://portal.mj.gov.br/CNEsPublico/relatorioCNEs/54426/RelatorioCircunstanciado.html;12.863,99;0,00;0,00;0,00;0,00;0,00;0,00;0,00;0,00;107.441,12;120.305,11;0,00;0,00;0,00;562.003,62;10.703,54;0,00;0,00;551.300,08;671.605,19;44.090,84;26.671,83;24.097,58;0,00;0,00;0,00;3.000,00;0,00;0,00;0,00;0,00;0,00;0,00;0,00;0,00;0,00;32.130,13;129.990,38;0,00;0,00;0,00;186.737,77;186.737,77;0,00;0,00;354.877,04;0,00;0,00;0,00;0,00;0,00;354.877,04;671.605,19
58.207.572/0001-26;2009;http://portal.mj.gov.br/CNEsPublico/relatorioCNEs/55093/RelatorioCircunstanciado.html;281.221.686,77;0,00;0,00;7.993.152,35;141.038,59;0,00;0,00;0,00;7.731,44;0,00;289.363.609,15;13.341.710,41;13.341.710,41;12.626.384,47;43.357.705,39;9.201.539,43;0,00;8.057.319,11;54.839.869,54;357.545.189,10;360.796,23;6.381,44;600.865,35;7.553,40;0,00;0,00;0,00;0,00;0,00;0,00;0,00;0,00;0,00;0,00;0,00;0,00;219.250,95;1.194.847,37;0,00;0,00;0,00;0,00;0,00;0,00;0,00;322.824.760,06;0,00;0,00;33.525.581,67;0,00;0,00;356.350.341,73;357.545.189,10
58.191.008/0001-62;2009;http://portal.mj.gov.br/CNEsPublico/relatorioCNEs/55406/RelatorioCircunstanciado.html;648.448,54;23.242.032,63;0,00;795.694,60;617.189,96;7.381.720,73;6.049.260,26;334.734,13;8.359.814,02;503.289,65;35.833.664,00;31.056.821,35;31.056.821,35;0,00;135.808.653,58;44.341.218,39;0,00;0,00;91.467.435,19;158.357.920,54;875.665,22;4.749.166,61;547.167,77;834.932,21;43.133,01;0,00;15.224.342,48;1.221.618,16;0,00;0,00;0,00;0,00;0,00;0,00;646.883,27;0,00;125.977,67;24.268.886,40;21.890.940,02;0,00;0,00;0,00;21.890.940,02;3.887.085,73;3.887.085,73;108.311.008,39;0,00;0,00;0,00;0,00;0,00;108.311.008,39;158.357.920,54
58.198.227/0001-73;2009;http://portal.mj.gov.br/CNEsPublico/relatorioCNEs/56125/RelatorioCircunstanciado.html;3.079.889,28;0,00;0,00;762.606,35;0,00;0,00;0,00;0,00;0,00;0,00;3.842.495,63;0,00;0,00;0,00;7.340.209,82;0,00;0,00;4.033,00;7.344.242,82;11.186.738,45;0,00;37.641,45;7.589,59;0,00;0,00;0,00;0,00;0,00;0,00;0,00;0,00;0,00;0,00;0,00;0,00;0,00;0,00;45.231,04;0,00;0,00;0,00;614.799,08;614.799,08;0,00;0,00;10.002.827,02;0,00;0,00;523.881,31;0,00;0,00;10.526.708,33;11.186.738,45
58.198.128/0001-91;2009;http://portal.mj.gov.br/CNEsPublico/relatorioCNEs/56202/RelatorioCircunstanciado.html;362.028,24;0,00;0,00;0,00;0,00;0,00;0,00;0,00;0,00;46.406,12;408.434,36;0,00;0,00;0,00;1.002.900,27;6.583,09;0,00;0,00;996.317,18;1.404.751,54;0,00;8.442,55;0,00;0,00;0,00;0,00;0,00;0,00;0,00;0,00;0,00;0,00;0,00;0,00;0,00;0,00;242,39;8.684,94;0,00;0,00;0,00;0,00;0,00;0,00;0,00;289.609,72;0,00;0,00;1.106.456,88;0,00;0,00;1.396.066,60;1.404.751,54
58.228.453/0001-50;2009;http://portal.mj.gov.br/CNEsPublico/relatorioCNEs/58477/RelatorioCircunstanciado.html;42.022,47;0,00;0,00;0,00;0,00;0,00;0,00;0,00;0,00;0,00;42.022,47;0,00;0,00;0,05;8.812,95;0,00;0,00;0,00;8.813,00;50.835,47;0,00;7.307,73;69,10;0,00;0,00;0,00;0,00;0,00;0,00;0,00;0,00;0,00;0,00;0,00;0,00;0,00;0,00;7.376,83;0,00;0,00;0,00;0,00;0,00;0,00;0,00;0,00;0,00;0,00;107.600,70;64.142,06;0,00;43.458,64;50.835,47
64.042.740/0001-73;2009;http://portal.mj.gov.br/CNEsPublico/relatorioCNEs/58915/RelatorioCircunstanciado.html;51.564,35;17.370,72;22.174,63;0,00;0,00;0,00;0,00;0,00;0,00;2.736,77;93.846,47;0,00;0,00;271.711,60;183.250,42;31.522,27;0,00;0,00;423.439,75;517.286,22;0,00;16.051,20;0,00;0,00;270,00;0,00;0,00;765,39;0,00;0,00;0,00;0,00;0,00;0,00;0,00;0,00;0,00;17.086,59;4.111,95;35.937,89;0,00;0,00;40.049,84;0,00;0,00;60.773,65;0,00;0,00;399.938,44;0,00;0,00;460.712,09;517.848,52
71.545.636/0001-67;2011;http://portal.mj.gov.br/CNEsPublico/relatorioCNEs/113169/RelatorioCircunstanciado.html;1.499,00;0,00;0,00;0,00;0,00;0,00;0,00;0,00;0,00;0,00;1.499,00;0,00;0,00;0,00;1.307,00;0,00;0,00;0,00;1.307,00;2.806,00;150,00;0,00;0,00;0,00;0,00;0,00;0,00;7,00;0,00;0,00;0,00;0,00;0,00;0,00;0,00;0,00;20.674,00;20.831,00;0,00;0,00;0,00;0,00;0,00;0,00;0,00;7.869,00;0,00;0,00;0,00;25.894,00;0,00;-18.025,00;2.806,00
46.798.492/0001-03;2009;http://portal.mj.gov.br/CNEsPublico/relatorioCNEs/61877/RelatorioCircunstanciado.html;1.183,31;0,00;0,00;35,00;0,00;0,00;0,00;0,00;0,00;0,00;1.218,31;0,00;0,00;0,00;475.614,81;8.120,21;0,00;0,00;467.494,60;468.712,91;585,49;0,00;48,00;0,00;0,00;0,00;4.520,00;1,12;0,00;0,00;0,00;0,00;0,00;0,00;0,00;0,00;0,00;5.154,61;0,00;0,00;0,00;0,00;0,00;0,00;0,00;463.558,30;0,00;0,00;0,00;0,00;0,00;463.558,30;468.712,91
58.250.267/0001-17;2009;http://portal.mj.gov.br/CNEsPublico/relatorioCNEs/62458/RelatorioCircunstanciado.html;17.633,35;0,00;0,00;0,00;0,00;2.500,68;0,00;0,00;0,00;0,00;20.134,03;0,00;0,00;0,00;232.858,25;0,00;0,00;0,00;232.858,25;252.992,28;378,00;0,00;0,00;0,00;0,00;0,00;0,00;0,00;0,00;0,00;0,00;0,00;0,00;0,00;0,00;0,00;0,00;378,00;0,00;0,00;0,00;0,00;0,00;0,00;0,00;55.766,94;0,00;0,00;196.847,34;0,00;0,00;252.614,28;252.992,28
58.194.622/0001-88;2009;http://portal.mj.gov.br/CNEsPublico/relatorioCNEs/63190/RelatorioCircunstanciado.html;0,00;0,00;0,00;0,00;0,00;0,00;0,00;0,00;0,00;0,00;0,00;0,00;0,00;0,00;0,00;0,00;0,00;0,00;0,00;0,00;0,00;0,00;0,00;0,00;0,00;0,00;0,00;0,00;0,00;0,00;0,00;0,00;0,00;0,00;0,00;0,00;0,00;0,00;0,00;0,00;0,00;0,00;0,00;0,00;0,00;0,00;0,00;0,00;0,00;0,00;0,00;0,00;0,00
58.198.524/0001-19;2009;http://portal.mj.gov.br/CNEsPublico/relatorioCNEs/63581/RelatorioCircunstanciado.html;5.348.790,43;10.004.648,41;0,00;20.178.610,16;163.568,39;1.897.886,66;841.189,58;4.545.428,34;1.586.757,36;0,00;42.884.500,17;9.222.968,47;9.222.968,47;19.314.704,76;103.454.965,11;18.909.332,16;0,00;24.186,63;103.884.524,34;155.991.992,98;28.247.011,01;3.082.500,66;5.211.119,09;9.050.749,99;0,00;0,00;17.275.132,65;0,00;0,00;0,00;1.409.033,51;0,00;0,00;0,00;8.900,00;0,00;19.717.714,09;84.002.161,00;17.448.591,34;50.443,08;275.000,00;7.790.319,24;25.564.353,66;0,00;0,00;48.365.281,38;0,00;0,00;0,00;1.939.803,06;0,00;46.425.478,32;155.991.992,98
58.222.878/0001-51;2009;http://portal.mj.gov.br/CNEsPublico/relatorioCNEs/65053/RelatorioCircunstanciado.html;47.012,25;0,00;0,00;22.436,62;26.452,10;496.978,36;0,00;0,00;0,00;2.154,64;595.033,97;0,00;0,00;27.456,23;1.373.262,24;0,00;0,00;2.700,00;1.403.418,47;1.998.452,44;30.545,70;89.014,04;44.461,53;0,00;0,00;0,00;0,00;2.092,50;0,00;0,00;0,00;0,00;0,00;0,00;0,00;0,00;7.397,79;173.511,56;0,00;0,00;0,00;0,00;0,00;0,00;0,00;0,00;0,00;0,00;2.138.227,01;314.806,13;1.520,00;1.824.940,88;1.998.452,44
58.252.602/0001-16;2009;http://portal.mj.gov.br/CNEsPublico/relatorioCNEs/65867/RelatorioCircunstanciado.html;729.299,46;0,00;0,00;440.389,66;0,00;0,00;0,00;0,00;0,00;0,00;1.169.689,12;2.774,76;2.774,76;0,00;1.073.413,77;0,00;0,00;0,00;1.073.413,77;2.245.877,65;3.867,98;14.446,55;0,00;0,00;0,00;0,00;58.888,59;1.136,61;0,00;0,00;0,00;0,00;0,00;0,00;0,00;0,00;36.959,28;115.299,01;0,00;0,00;0,00;0,00;0,00;0,00;0,00;1.395.906,81;0,00;0,00;734.671,83;0,00;0,00;2.130.578,64;2.245.877,65
71.545.636/0001-67;2009;http://portal.mj.gov.br/CNEsPublico/relatorioCNEs/66369/RelatorioCircunstanciado.html;144,73;0,00;0,00;0,00;0,00;0,00;0,00;0,00;0,00;12.398,86;12.543,59;0,00;0,00;0,00;7.180,10;0,00;0,00;0,00;7.180,10;19.723,69;0,00;0,00;0,00;0,00;0,00;0,00;0,00;0,00;0,00;0,00;0,00;0,00;0,00;0,00;0,00;0,00;11.855,14;11.855,14;0,00;0,00;0,00;7.868,55;7.868,55;0,00;0,00;0,00;0,00;0,00;0,00;0,00;0,00;0,00;19.723,69
58.253.667/0001-86;2009;http://portal.mj.gov.br/CNEsPublico/relatorioCNEs/68239/RelatorioCircunstanciado.html;6.166.530,54;0,00;245.640,92;0,00;6.174,27;230.315,55;0,00;0,00;2.416,53;39.123,05;6.690.200,86;1.614.723,38;1.614.723,38;0,00;369.511,62;0,00;0,00;0,00;369.511,62;8.674.435,86;42.786,62;198.012,31;65.612,55;0,00;0,00;0,00;0,00;0,00;0,00;0,00;0,00;0,00;0,00;0,00;0,00;0,00;373.043,66;679.455,14;0,00;0,00;0,00;243.704,79;243.704,79;0,00;0,00;7.751.275,93;0,00;0,00;0,00;0,00;0,00;7.751.275,93;8.674.435,86
58.225.905/0001-40;2009;http://portal.mj.gov.br/CNEsPublico/relatorioCNEs/69278/RelatorioCircunstanciado.html;0,00;228.883,92;0,00;65.211,93;0,00;0,00;0,00;0,00;1.069,56;1.048.287,48;1.343.452,89;0,00;0,00;0,00;4.764.289,40;101.959,26;154.398,51;0,00;4.816.728,65;6.160.181,54;12.278,22;133.641,33;29.147,10;7.558,81;0,00;0,00;8.712,69;11.375,37;0,00;0,00;0,00;0,00;0,00;4.189,85;0,00;0,00;1.255,67;208.159,04;1.200.000,00;0,00;0,00;0,00;1.200.000,00;0,00;0,00;4.297.204,06;0,00;0,00;781.687,24;326.868,80;0,00;4.752.022,50;6.160.181,54
58.263.898/0001-70;2009;http://portal.mj.gov.br/CNEsPublico/relatorioCNEs/70307/RelatorioCircunstanciado.html;13.469,98;0,00;0,00;0,00;0,00;3.635,62;0,00;0,00;0,00;0,00;17.105,60;0,00;0,00;0,00;9.444,00;0,00;0,00;0,00;9.444,00;26.549,60;0,00;2.874,41;3.463,03;1.642,00;0,00;0,00;0,00;136,40;0,00;0,00;0,00;0,00;0,00;0,00;0,00;0,00;184,58;8.300,42;0,00;0,00;0,00;0,00;0,00;0,00;0,00;4.814,04;0,00;0,00;13.435,14;0,00;0,00;18.249,18;26.549,60
58.222.910/0001-07;2009;http://portal.mj.gov.br/CNEsPublico/relatorioCNEs/74915/RelatorioCircunstanciado.html;1.035,87;254.536,18;0,00;23.134,77;35.556,52;0,00;0,00;0,00;3.619,90;2.141,34;320.024,58;0,00;0,00;0,00;845.091,90;79.118,82;0,00;0,00;765.973,08;1.085.997,66;20.314,78;0,00;24.846,07;0,00;0,00;0,00;0,00;991,77;0,00;0,00;0,00;0,00;0,00;0,00;0,00;0,00;0,00;46.152,62;0,00;0,00;0,00;0,00;0,00;0,00;0,00;912.973,45;193.223,26;0,00;0,00;66.928,00;576,33;1.039.845,04;1.085.997,66
58.225.905/0001-40;2010;http://portal.mj.gov.br/CNEsPublico/relatorioCNEs/75504/RelatorioCircunstanciado.html;1.622,29;0,00;0,00;74.499,55;0,00;0,00;63.518,62;0,00;0,00;1.093.176,52;1.105.779,74;1.041,13;1.041,13;93,97;4.929.337,66;101.959,26;0,00;0,00;4.827.472,37;5.934.293,24;11.270,43;140.928,94;32.663,13;6.512,92;0,00;0,00;21.366,28;12.359,91;0,00;0,00;0,00;0,00;0,00;4.262,81;0,00;0,00;0,00;229.364,42;1.400.000,00;0,00;0,00;0,00;1.400.000,00;0,00;0,00;4.814.225,23;0,00;0,00;794.296,45;1.303.592,86;0,00;4.304.928,82;5.934.293,24
58.218.215/0001-63;2010;http://portal.mj.gov.br/CNEsPublico/relatorioCNEs/75812/RelatorioCircunstanciado.html;1.286.761,69;0,00;0,00;139.319,97;8.808,27;0,00;0,00;0,00;1.678,89;0,00;1.436.568,82;0,00;0,00;8.925.119,05;32.941.972,78;39.898,81;0,00;5.000,00;41.832.193,02;43.268.761,84;31.205,70;111.683,75;2.186,90;0,00;0,00;0,00;0,00;0,00;0,00;0,00;0,00;0,00;0,00;0,00;0,00;0,00;1.518,34;146.594,69;0,00;0,00;0,00;0,00;0,00;0,00;0,00;1.951.419,85;0,00;12.985.195,22;0,00;247.779,97;28.433.332,05;43.122.167,15;43.268.761,84
58.198.128/0001-91;2010;http://portal.mj.gov.br/CNEsPublico/relatorioCNEs/75961/RelatorioCircunstanciado.html;422.752,85;0,00;0,00;0,00;0,00;0,00;0,00;0,00;0,00;21,67;422.774,52;0,00;0,00;0,00;1.064.794,29;6.583,09;0,00;0,00;1.058.211,20;1.480.985,72;0,00;8.298,04;0,00;0,00;0,00;0,00;0,00;0,00;0,00;0,00;0,00;0,00;0,00;0,00;0,00;0,00;678,64;8.976,68;0,00;0,00;0,00;0,00;0,00;0,00;0,00;289.609,72;0,00;0,00;1.182.399,32;0,00;0,00;1.472.009,04;1.480.985,72
58.413.451/0001-30;2010;http://portal.mj.gov.br/CNEsPublico/relatorioCNEs/76116/RelatorioCircunstanciado.html;4.226,46;0,00;0,00;60.000,00;0,00;0,00;0,00;0,00;0,00;0,00;64.226,46;0,00;0,00;0,00;0,00;0,00;0,00;0,00;0,00;64.226,46;0,00;0,00;0,00;0,00;0,00;0,00;0,00;0,00;0,00;0,00;0,00;0,00;0,00;0,00;0,00;0,00;0,00;0,00;0,00;0,00;0,00;0,00;0,00;0,00;0,00;0,00;0,00;0,00;64.226,46;0,00;0,00;64.226,46;64.226,46
58.191.008/0001-62;2010;http://portal.mj.gov.br/CNEsPublico/relatorioCNEs/77458/RelatorioCircunstanciado.html;38.414.947,89;0,00;0,00;1.633.408,91;601.227,73;3.927.867,74;0,00;418.552,35;7.987.303,67;0,00;52.983.308,29;29.698.176,16;29.698.176,16;550.027,09;127.069.746,08;43.624.057,26;0,00;0,00;83.995.715,91;166.677.200,36;1.075.311,34;2.415.120,62;641.180,95;0,00;0,00;0,00;26.267.127,56;989.600,13;0,00;0,00;0,00;0,00;0,00;0,00;0,00;0,00;3.088.966,86;34.477.307,46;18.191.703,25;0,00;0,00;0,00;18.191.703,25;3.624.717,73;3.624.717,73;109.198.502,88;0,00;0,00;1.184.969,04;0,00;0,00;110.383.471,92;166.677.200,36
58.167.032/0001-66;2010;http://portal.mj.gov.br/CNEsPublico/relatorioCNEs/78086/RelatorioCircunstanciado.html;219.700,83;0,00;0,00;0,00;262,37;0,00;0,00;0,00;0,00;0,00;219.963,20;0,00;0,00;0,00;1.227.665,09;400.287,10;0,00;0,00;827.377,99;1.047.341,19;0,00;0,00;10.488,58;0,00;0,00;0,00;0,00;0,00;0,00;0,00;0,00;0,00;0,00;0,00;0,00;0,00;0,00;10.488,58;0,00;0,00;0,00;0,00;0,00;0,00;0,00;1.128.300,71;0,00;0,00;0,00;91.448,10;0,00;1.036.852,61;1.047.341,19
58.219.551/0001-20;2010;http://portal.mj.gov.br/CNEsPublico/relatorioCNEs/79547/RelatorioCircunstanciado.html;58.987,08;72.307,67;0,00;183.087,01;47.232,51;0,00;0,00;0,00;2.317,56;0,00;363.931,83;0,00;0,00;1.653.872,34;14.352.514,08;0,00;0,00;9.789.303,46;25.795.689,88;26.159.621,71;5.470,05;65.223,73;24.325,80;1.970,80;0,00;0,00;0,00;4.203,12;0,00;0,00;0,00;0,00;0,00;0,00;0,00;0,00;0,00;101.193,50;0,00;352.393,22;0,00;52.064,88;404.458,10;0,00;0,00;25.845.741,94;0,00;0,00;0,00;191.771,83;0,00;25.653.970,11;26.159.621,71
58.222.910/0001-07;2007;http://portal.mj.gov.br/CNEsPublico/relatorioCNEs/80148/RelatorioCircunstanciado.html;5.023,52;521.159,13;0,00;44.274,48;25.614,75;0,00;0,00;0,00;0,00;0,00;596.071,88;0,00;0,00;0,00;430.387,70;45.007,79;0,00;0,00;385.379,91;981.451,79;23.811,15;0,00;12.020,73;0,00;0,00;0,00;0,00;130,08;2.978,50;0,00;0,00;0,00;0,00;0,00;0,00;0,00;646,00;39.586,46;0,00;0,00;0,00;0,00;0,00;0,00;0,00;783.362,80;7.883,92;0,00;150.618,61;0,00;0,00;941.865,33;981.451,79
58.222.910/0001-07;2008;http://portal.mj.gov.br/CNEsPublico/relatorioCNEs/80149/RelatorioCircunstanciado.html;1.491,76;441.852,71;0,00;20.829,87;26.705,11;0,00;0,00;0,00;0,00;0,00;490.879,45;0,00;0,00;0,00;531.504,98;55.272,15;0,00;0,00;476.232,83;967.112,28;31.926,93;0,00;14.280,80;0,00;0,00;0,00;0,00;47,18;0,00;0,00;0,00;0,00;0,00;0,00;0,00;0,00;0,00;46.254,91;0,00;0,00;0,00;0,00;0,00;0,00;0,00;933.981,41;7.883,92;0,00;0,00;21.007,96;0,00;920.857,37;967.112,28
58.222.910/0001-07;2010;http://portal.mj.gov.br/CNEsPublico/relatorioCNEs/80151/RelatorioCircunstanciado.html;398,96;361.050,92;0,00;25.325,00;35.986,96;0,00;0,00;0,00;2.943,10;513,22;426.218,16;0,00;0,00;0,00;810.962,79;0,00;0,00;0,00;810.962,79;1.237.180,95;12.661,96;0,00;20.872,72;0,00;0,00;0,00;0,00;119,73;0,00;0,00;0,00;0,00;0,00;0,00;0,00;0,00;0,00;33.654,41;0,00;0,00;0,00;885,00;885,00;0,00;0,00;843.973,70;193.223,26;0,00;165.444,58;0,00;0,00;1.202.641,54;1.237.180,95
51.642.288/0001-39;2011;http://portal.mj.gov.br/CNEsPublico/relatorioCNEs/114750/RelatorioCircunstanciado.html;58.030,04;0,00;0,00;0,00;0,00;161.112,84;0,00;0,00;0,00;46.653,19;265.796,07;0,00;0,00;30.836,96;2.425.666,20;1.572,36;0,00;0,00;2.454.930,80;2.720.726,87;7.360,55;122.416,79;1.130,78;0,00;5.116,80;0,00;407.234,12;0,00;0,00;0,00;0,00;0,00;0,00;0,00;0,00;0,00;10.250,00;553.509,04;0,00;0,00;0,00;0,00;0,00;0,00;0,00;0,00;0,00;0,00;2.167.217,83;0,00;0,00;2.167.217,83;2.720.726,87
55.674.782/0001-36;2010;http://portal.mj.gov.br/CNEsPublico/relatorioCNEs/82633/RelatorioCircunstanciado.html;20.143,26;0,00;0,00;0,00;0,00;207,95;0,00;0,00;2.242,16;0,00;22.593,37;0,00;0,00;1.500,00;269.477,58;70.563,60;0,00;0,00;200.413,98;223.007,35;0,00;0,00;5.840,42;0,00;0,00;0,00;8.897,00;99,69;0,00;0,00;0,00;0,00;0,00;0,00;0,00;0,00;1.645,04;16.482,15;0,00;0,00;0,00;0,00;0,00;0,00;0,00;0,00;0,00;0,00;0,00;5.565,33;212.090,53;206.525,20;223.007,35
64.042.740/0001-73;2010;http://portal.mj.gov.br/CNEsPublico/relatorioCNEs/84168/RelatorioCircunstanciado.html;68,04;105.562,07;5.287,47;0,00;20.192,76;0,00;0,00;0,00;0,00;0,00;131.110,34;0,00;0,00;17.885,74;154.393,15;0,00;0,00;275.899,60;448.178,49;579.288,83;0,00;9.359,45;0,00;0,00;0,00;0,00;0,00;0,00;0,00;0,00;0,00;0,00;0,00;0,00;0,00;0,00;203,70;9.563,15;0,00;0,00;0,00;592,60;592,60;0,00;0,00;60.773,65;0,00;0,00;578.895,72;70.536,29;0,00;569.133,08;579.288,83
58.251.711/0001-19;2010;http://portal.mj.gov.br/CNEsPublico/relatorioCNEs/84201/RelatorioCircunstanciado.html;95.952.441,54;0,00;0,00;1.497.721,57;1.291.167,08;0,00;0,00;894.472,02;0,00;49.217.077,04;148.852.879,25;1.217.203,23;1.217.203,23;0,00;37.999.807,62;12.099.059,37;0,00;0,00;25.900.748,25;175.970.830,73;576.066,00;8.575.212,36;470.884,35;272.040,94;0,00;0,00;0,00;1.053.343,25;0,00;397.888,34;0,00;0,00;0,00;0,00;0,00;0,00;503.304,96;11.848.740,20;0,00;0,00;0,00;800.000,12;800.000,12;0,00;0,00;0,00;0,00;0,00;163.322.090,41;0,00;0,00;163.322.090,41;175.970.830,73
58.250.267/0001-17;2010;http://portal.mj.gov.br/CNEsPublico/relatorioCNEs/85561/RelatorioCircunstanciado.html;798,38;0,00;0,00;0,00;0,00;3.239,58;0,00;0,00;0,00;0,00;4.037,96;0,00;0,00;0,00;235.664,25;0,00;0,00;0,00;235.664,25;239.702,21;0,00;1.866,84;6.589,54;0,00;0,00;0,00;0,00;554,93;0,00;0,00;0,00;0,00;0,00;0,00;0,00;0,00;0,00;9.011,31;0,00;0,00;0,00;0,00;0,00;0,00;0,00;55.766,94;0,00;0,00;184.671,53;9.747,57;0,00;230.690,90;239.702,21
52.246.451/0001-07;2010;http://portal.mj.gov.br/CNEsPublico/relatorioCNEs/85878/RelatorioCircunstanciado.html;3.179,83;0,00;0,00;62.409,79;729,81;0,00;0,00;0,00;0,00;0,00;66.319,43;46.012,91;46.012,91;0,00;1.401.767,93;23.745,77;0,00;2.322,00;1.380.344,16;1.492.676,50;11.967,09;32.677,45;12.320,03;0,00;0,00;0,00;52.827,87;1.637,21;0,00;0,00;0,00;0,00;0,00;0,00;0,00;0,00;170.287,13;281.716,78;0,00;0,00;0,00;0,00;0,00;0,00;0,00;1.433.842,14;0,00;0,00;0,00;222.882,42;0,00;1.210.959,72;1.492.676,50
58.269.515/0001-71;2010;http://portal.mj.gov.br/CNEsPublico/relatorioCNEs/86764/RelatorioCircunstanciado.html;39.017,88;0,00;0,00;0,00;0,00;0,00;0,00;0,00;0,00;0,00;39.017,88;0,00;0,00;0,00;724.706,32;0,00;0,00;0,00;724.706,32;763.724,20;0,00;19.307,08;11.059,97;0,00;0,00;0,00;0,00;309,04;0,00;0,00;0,00;0,00;0,00;0,00;0,00;0,00;0,00;30.676,09;0,00;1.160,55;0,00;0,00;1.160,55;0,00;0,00;779.654,96;0,00;0,00;0,00;47.767,40;0,00;731.887,56;763.724,20
58.198.524/0001-19;2010;http://portal.mj.gov.br/CNEsPublico/relatorioCNEs/115268/RelatorioCircunstanciado.html;11.016.670,29;11.376.111,76;0,00;19.374.182,30;168.979,63;2.474.813,18;1.482.162,86;5.314.874,72;1.002.101,01;0,00;49.245.570,03;1.653.050,25;1.653.050,25;102.828.110,52;106.774.405,13;21.885.603,56;0,00;178.008,99;187.894.921,08;238.793.541,36;22.158.362,12;3.878.288,84;3.146.328,71;9.834.411,81;0,00;0,00;21.239.178,09;0,00;0,00;0,00;1.542.192,22;0,00;0,00;0,00;2.000,00;0,00;22.166.780,21;83.967.542,00;22.326.806,56;59.107,74;0,00;17.110.073,69;39.495.987,99;0,00;0,00;123.166.460,49;0,00;0,00;0,00;7.836.449,12;0,00;115.330.011,37;238.793.541,36
11.043.826/0001-54;2010;http://portal.mj.gov.br/CNEsPublico/relatorioCNEs/88089/RelatorioCircunstanciado.html;0,00;0,00;0,00;0,00;0,00;0,00;0,00;0,00;0,00;0,00;0,00;0,00;0,00;0,00;4.830,00;0,00;0,00;0,00;4.830,00;4.830,00;0,00;0,00;0,00;0,00;0,00;0,00;0,00;0,00;0,00;0,00;0,00;0,00;0,00;0,00;0,00;0,00;0,00;0,00;0,00;0,00;0,00;0,00;0,00;0,00;0,00;4.830,00;0,00;0,00;0,00;0,00;0,00;4.830,00;4.830,00
51.642.288/0001-39;2010;http://portal.mj.gov.br/CNEsPublico/relatorioCNEs/88270/RelatorioCircunstanciado.html;35.129,35;0,00;0,00;0,00;0,00;156.318,00;0,00;0,00;0,00;18.755,90;210.203,25;0,00;0,00;30.836,96;2.422.325,84;0,00;0,00;0,00;2.453.162,80;2.663.366,05;1.253,82;103.330,90;869,52;0,00;4.715,36;0,00;419.526,83;0,00;0,00;0,00;0,00;0,00;0,00;0,00;0,00;0,00;2.555,00;532.251,43;0,00;0,00;0,00;0,00;0,00;0,00;0,00;0,00;0,00;0,00;2.131.114,62;0,00;0,00;2.131.114,62;2.663.366,05
11.043.826/0001-54;2011;http://portal.mj.gov.br/CNEsPublico/relatorioCNEs/115556/RelatorioCircunstanciado.html;0,00;0,00;0,00;0,00;0,00;0,00;0,00;0,00;0,00;0,00;0,00;0,00;0,00;0,00;4.830,00;0,00;0,00;0,00;4.830,00;4.830,00;0,00;0,00;0,00;0,00;0,00;0,00;0,00;0,00;0,00;0,00;0,00;0,00;0,00;0,00;0,00;0,00;0,00;0,00;0,00;0,00;0,00;0,00;0,00;0,00;0,00;4.830,00;0,00;0,00;0,00;0,00;0,00;4.830,00;4.830,00
58.413.451/0001-30;2007;http://portal.mj.gov.br/CNEsPublico/relatorioCNEs/91707/RelatorioCircunstanciado.html;16.921,49;0,00;0,00;0,00;0,00;0,00;0,00;0,00;0,00;0,00;16.921,49;0,00;0,00;0,00;0,00;0,00;0,00;0,00;0,00;16.921,49;0,00;0,00;0,00;0,00;0,00;0,00;0,00;0,00;0,00;0,00;0,00;0,00;0,00;0,00;0,00;0,00;0,00;0,00;0,00;11,22;0,00;0,00;11,22;0,00;0,00;0,00;0,00;0,00;16.910,27;0,00;0,00;16.910,27;16.921,49
71.545.636/0001-67;2010;http://portal.mj.gov.br/CNEsPublico/relatorioCNEs/92167/RelatorioCircunstanciado.html;4.310,00;0,00;0,00;0,00;0,00;0,00;0,00;0,00;0,00;0,00;4.310,00;0,00;0,00;0,00;4.660,00;0,00;0,00;0,00;4.660,00;8.970,00;300,00;0,00;200,00;0,00;0,00;0,00;0,00;199,00;0,00;0,00;0,00;0,00;0,00;0,00;0,00;0,00;13.564,00;14.263,00;0,00;0,00;0,00;0,00;0,00;0,00;0,00;7.869,00;0,00;0,00;0,00;13.162,00;0,00;-5.293,00;8.970,00
58.207.572/0001-26;2010;http://portal.mj.gov.br/CNEsPublico/relatorioCNEs/93282/RelatorioCircunstanciado.html;312.717.351,33;0,00;0,00;8.330.973,82;136.818,03;239.857,00;0,00;0,00;6.374,63;0,00;321.431.374,81;13.343.454,05;13.343.454,05;14.493.308,31;53.161.102,26;9.293.153,75;0,00;8.927,00;58.370.183,82;393.145.012,68;252.804,79;1.257,98;544.373,32;4.750,09;0,00;0,00;0,00;0,00;0,00;0,00;0,00;0,00;0,00;0,00;0,00;0,00;1.018.023,02;1.821.209,20;0,00;0,00;0,00;0,00;0,00;1.170.884,49;1.170.884,49;356.350.341,73;0,00;0,00;33.802.577,26;0,00;0,00;390.152.918,99;393.145.012,68
58.413.451/0001-30;2011;http://portal.mj.gov.br/CNEsPublico/relatorioCNEs/115768/RelatorioCircunstanciado.html;27.722,82;0,00;0,00;60.000,00;0,00;0,00;0,00;0,00;0,00;0,00;87.722,82;0,00;0,00;0,00;0,00;0,00;0,00;0,00;0,00;87.722,82;0,00;0,00;0,00;0,00;0,00;0,00;0,00;0,00;0,00;0,00;0,00;0,00;0,00;0,00;0,00;0,00;0,00;0,00;0,00;0,00;0,00;0,00;0,00;0,00;0,00;0,00;0,00;0,00;87.822,82;0,00;0,00;87.822,82;87.822,82
58.167.032/0001-66;2007;http://portal.mj.gov.br/CNEsPublico/relatorioCNEs/96999/RelatorioCircunstanciado.html;193.096,08;0,00;0,00;4.214,00;509,75;0,00;0,00;0,00;0,00;0,00;197.819,83;0,00;0,00;96.402,10;1.072.026,31;243.585,63;0,00;0,00;924.842,78;1.122.662,61;1.562,72;7.332,77;0,00;0,00;0,00;0,00;0,00;0,00;0,00;0,00;0,00;0,00;0,00;0,00;0,00;0,00;1.362,18;10.257,67;0,00;0,00;0,00;0,00;0,00;0,00;0,00;1.105.354,84;0,00;0,00;7.050,10;0,00;0,00;1.112.404,94;1.122.662,61
58.251.711/0001-19;2007;http://portal.mj.gov.br/CNEsPublico/relatorioCNEs/18383/RelatorioCircunstanciado.html;74.326.415,67;0,00;0,00;1.345.026,52;39.554,00;14.442.947,51;0,00;519.449,67;0,00;0,00;90.673.393,37;1.197.245,47;1.197.245,47;0,00;32.835.938,60;5.753.463,55;0,00;0,00;27.082.475,05;118.953.113,89;120.300,29;1.539.363,64;465.458,15;154.610,50;0,00;0,00;0,00;478.611,78;0,00;452.087,23;0,00;0,00;0,00;0,00;0,00;0,00;0,00;3.210.431,59;0,00;0,00;0,00;43.162.945,77;43.162.945,77;0,00;0,00;0,00;0,00;0,00;72.579.736,53;0,00;0,00;72.579.736,53;118.953.113,89
58.198.128/0001-91;2007;http://portal.mj.gov.br/CNEsPublico/relatorioCNEs/18388/RelatorioCircunstanciado.html;138.590,00;0,00;0,00;0,00;0,00;0,00;0,00;0,00;0,00;0,00;138.590,00;0,00;0,00;0,00;997.336,37;6.583,09;0,00;0,00;990.753,28;1.129.343,28;0,00;5.143,37;1.489,81;0,00;0,00;0,00;0,00;77,28;0,00;0,00;0,00;0,00;0,00;0,00;0,00;0,00;347,37;7.057,83;0,00;0,00;0,00;0,00;0,00;0,00;0,00;289.609,72;0,00;35.696,75;796.979,38;0,00;0,00;1.122.285,85;1.129.343,68
58.232.521/0001-54;2011;http://portal.mj.gov.br/CNEsPublico/relatorioCNEs/98919/RelatorioCircunstanciado.html;16.914,68;0,00;0,00;0,00;0,00;0,00;0,00;0,00;0,00;0,00;16.914,68;0,00;0,00;0,00;114.523,69;0,00;0,00;0,00;114.523,69;131.438,37;0,00;5.458,29;811,84;0,00;0,00;0,00;0,00;0,00;0,00;0,00;0,00;0,00;0,00;0,00;0,00;0,00;0,00;6.270,13;0,00;0,00;0,00;0,00;0,00;0,00;0,00;177,26;0,00;0,00;124.990,98;0,00;0,00;125.168,24;131.438,37
58.198.128/0001-91;2011;http://portal.mj.gov.br/CNEsPublico/relatorioCNEs/98970/RelatorioCircunstanciado.html;360.202,91;0,00;0,00;0,00;0,00;0,00;0,00;0,00;0,00;0,00;360.202,91;0,00;0,00;0,00;1.123.328,84;6.583,09;0,00;0,00;1.116.745,75;1.476.948,66;0,00;10.524,39;0,00;0,00;0,00;0,00;0,00;0,00;0,00;0,00;0,00;0,00;0,00;0,00;0,00;0,00;0,00;10.524,39;0,00;0,00;0,00;0,00;0,00;0,00;0,00;289.609,72;0,00;0,00;1.176.814,55;0,00;0,00;1.466.424,27;1.476.948,66
58.198.227/0001-73;2011;http://portal.mj.gov.br/CNEsPublico/relatorioCNEs/98993/RelatorioCircunstanciado.html;3.243.433,95;0,00;0,00;771.690,94;0,00;0,00;0,00;0,00;0,00;0,00;4.015.124,89;0,00;0,00;0,00;7.801.812,65;45.281,39;0,00;4.033,00;7.760.564,26;11.775.689,15;0,00;33.830,63;2.379,36;0,00;0,00;0,00;0,00;0,00;0,00;0,00;0,00;0,00;0,00;0,00;0,00;0,00;0,00;36.209,99;0,00;0,00;0,00;513.419,74;513.419,74;0,00;0,00;11.132.273,41;0,00;0,00;93.786,01;0,00;0,00;11.226.059,42;11.775.689,15
58.225.905/0001-40;2011;http://portal.mj.gov.br/CNEsPublico/relatorioCNEs/99175/RelatorioCircunstanciado.html;4.957,88;0,00;0,00;81.156,94;0,00;0,00;232.348,44;0,00;0,00;1.155.621,10;1.009.387,48;17.526,00;17.526,00;93,97;4.986.721,41;101.002,20;0,00;0,00;4.885.813,18;5.912.726,66;16.130,41;146.475,78;45.096,68;17.311,49;0,00;0,00;210.286,25;13.984,66;0,00;0,00;0,00;0,00;0,00;5.090,92;0,00;0,00;4.716,04;459.092,23;1.400.000,00;0,00;0,00;0,00;1.400.000,00;0,00;0,00;4.814.225,23;0,00;0,00;794.296,45;1.554.887,25;0,00;4.053.634,43;5.912.726,66
60.015.070/0001-45;2011;http://portal.mj.gov.br/CNEsPublico/relatorioCNEs/99354/RelatorioCircunstanciado.html;63.431,86;0,00;0,00;0,00;0,00;0,00;0,00;0,00;0,00;0,00;63.431,86;0,00;0,00;0,00;157.632,22;0,00;0,00;0,00;157.632,22;221.064,08;0,00;0,00;0,00;0,00;0,00;0,00;0,00;0,00;0,00;0,00;0,00;0,00;0,00;0,00;0,00;0,00;0,00;0,00;0,00;0,00;0,00;0,00;0,00;0,00;0,00;197.029,68;0,00;0,00;24.034,40;0,00;0,00;221.064,08;221.064,08
58.222.878/0001-51;2011;http://portal.mj.gov.br/CNEsPublico/relatorioCNEs/99711/RelatorioCircunstanciado.html;369.514,44;0,00;0,00;0,00;25.094,53;0,00;0,00;0,00;0,00;3.066,54;397.675,51;0,00;0,00;27.456,23;1.463.199,37;0,00;0,00;3.320,28;1.493.975,88;1.891.651,39;38.071,42;106.527,61;33.141,84;0,00;0,00;0,00;0,00;4.543,77;0,00;0,00;0,00;0,00;0,00;0,00;0,00;0,00;3.011,20;185.295,84;0,00;0,00;0,00;0,00;0,00;0,00;0,00;0,00;0,00;1.738.393,36;0,00;33.557,81;1.520,00;1.706.355,55;1.891.651,39
64.715.899/0001-01;2011;http://portal.mj.gov.br/CNEsPublico/relatorioCNEs/99990/RelatorioCircunstanciado.html;68.957,09;0,00;0,00;0,00;0,00;0,00;0,00;0,00;0,00;0,00;68.957,09;0,00;0,00;0,00;508.129,66;178.085,45;0,00;0,00;330.044,21;399.001,30;0,00;0,00;0,00;0,00;0,00;0,00;0,00;0,00;0,00;0,00;0,00;0,00;0,00;0,00;0,00;0,00;36.331,99;36.331,99;9.238,23;0,00;0,00;0,00;9.238,23;0,00;0,00;0,00;0,00;0,00;353.431,08;0,00;0,00;353.431,08;399.001,30
55.674.980/0001-08;2011;http://portal.mj.gov.br/CNEsPublico/relatorioCNEs/100128/RelatorioCircunstanciado.html;0,00;235.684,56;0,00;0,00;0,00;0,00;0,00;0,00;0,00;48,09;235.732,65;0,00;0,00;0,00;318.767,22;118.308,00;0,00;0,00;200.459,22;436.191,87;1.728,16;63.115,89;990.319,90;728,83;0,00;0,00;47.341,68;1.743,05;0,00;0,00;0,00;0,00;0,00;0,00;0,00;0,00;1.380,00;1.106.357,51;0,00;0,00;0,00;0,00;0,00;0,00;0,00;87.370,29;0,00;0,00;0,00;757.535,93;0,00;-670.165,64;436.191,87
46.781.142/0001-34;2011;http://portal.mj.gov.br/CNEsPublico/relatorioCNEs/100372/RelatorioCircunstanciado.html;185.193,71;0,00;0,00;0,00;0,00;0,00;0,00;0,00;0,00;0,00;185.193,71;0,02;0,02;975,00;677.706,42;0,00;0,00;0,00;678.681,42;863.875,15;0,00;22.877,40;3.772,86;0,00;0,00;0,00;0,00;0,00;0,00;0,00;0,00;0,00;0,00;0,00;0,00;0,00;5.863,18;32.513,44;0,00;0,00;0,00;0,00;0,00;0,00;0,00;169.718,46;0,00;0,00;667.984,77;6.341,52;0,00;831.361,71;863.875,15
58.218.207/0001-17;2011;http://portal.mj.gov.br/CNEsPublico/relatorioCNEs/116448/RelatorioCircunstanciado.html;627.252,16;0,00;60.440,67;35.500,83;38.354,50;5.889,50;0,00;102.124,12;0,00;1.790,00;871.351,78;0,00;0,00;0,00;4.128.596,04;341.771,60;0,00;0,00;3.786.824,44;4.658.176,22;35.868,64;199.384,25;26.716,75;1.848,88;0,00;2.686,00;0,00;10.537,44;0,00;0,00;0,00;0,00;0,00;0,00;0,00;0,00;120.296,36;397.338,32;0,00;0,00;0,00;81.232,70;81.232,70;0,00;0,00;1.916.309,63;312.492,00;0,00;72.407,43;0,00;1.878.396,14;4.179.605,20;4.658.176,22
58.207.572/0001-26;2011;http://portal.mj.gov.br/CNEsPublico/relatorioCNEs/101058/RelatorioCircunstanciado.html;357.576.960,74;0,00;0,00;8.624.659,29;130.562,87;0,00;0,00;0,00;5.920,14;0,00;366.338.103,04;13.460.323,40;13.460.323,40;14.943.123,95;53.161.102,26;10.178.948,90;0,00;120.092,47;58.045.369,78;437.843.796,22;207.396,82;6.367,34;549.284,47;9.475,78;0,00;0,00;0,00;0,00;0,00;0,00;0,00;0,00;0,00;0,00;0,00;0,00;1.015.342,06;1.787.866,47;0,00;0,00;0,00;0,00;0,00;1.344.794,69;1.344.794,69;390.152.918,99;0,00;0,00;44.558.216,07;0,00;0,00;434.711.135,06;437.843.796,22
58.236.456/0001-35;2011;http://portal.mj.gov.br/CNEsPublico/relatorioCNEs/101126/RelatorioCircunstanciado.html;729.068,24;0,00;0,00;0,00;9.353,97;1.234,95;0,00;73.187,00;0,00;0,00;812.844,16;0,00;0,00;0,00;2.056.184,30;0,00;0,00;0,00;2.056.184,30;2.869.028,46;0,00;50.817,01;16.971,09;0,00;0,00;0,00;0,00;1.425,35;0,00;0,00;0,00;0,00;0,00;0,00;0,00;0,00;37.534,15;106.747,60;0,00;0,00;0,00;0,00;0,00;0,00;0,00;2.740.324,06;0,00;0,00;21.956,80;0,00;0,00;2.762.280,86;2.869.028,46
58.218.215/0001-63;2011;http://portal.mj.gov.br/CNEsPublico/relatorioCNEs/101299/RelatorioCircunstanciado.html;765.952,85;0,00;0,00;258.482,68;8.782,50;38.023,98;0,00;0,00;1.812,75;0,00;1.073.054,76;442.259,44;442.259,44;10.032.180,97;61.312.956,05;54.650,07;0,00;0,00;71.290.486,95;72.805.801,15;26.390,04;147.795,56;18.778,67;837,00;0,00;0,00;0,00;4.149,92;0,00;0,00;0,00;0,00;0,00;0,00;0,00;0,00;0,00;197.951,19;0,00;200.837,17;0,00;0,00;200.837,17;0,00;0,00;1.951.419,85;0,00;12.985.195,22;0,00;268.163,44;57.738.561,16;72.407.012,79;72.805.801,15
58.222.910/0001-07;2011;http://portal.mj.gov.br/CNEsPublico/relatorioCNEs/101906/RelatorioCircunstanciado.html;1.361,12;519.798,75;0,00;26.377,70;45.632,52;0,00;0,00;0,00;4.051,77;513,22;597.735,08;0,00;0,00;0,00;847.576,18;0,00;0,00;0,00;847.576,18;1.445.311,26;6.251,79;0,00;23.493,15;0,00;0,00;0,00;0,00;68,50;0,00;0,00;0,00;0,00;0,00;0,00;0,00;0,00;0,00;29.813,44;0,00;0,00;0,00;385,00;385,00;0,00;0,00;1.009.418,28;223.223,26;0,00;182.122,92;0,00;348,36;1.415.112,82;1.445.311,26
46.170.494/0001-53;2011;http://portal.mj.gov.br/CNEsPublico/relatorioCNEs/102207/RelatorioCircunstanciado.html;29.007,69;0,00;0,00;0,00;0,00;41,46;0,00;0,00;0,00;135.845,29;164.894,44;0,00;0,00;0,00;342.433,49;9.278,96;0,00;0,00;333.154,53;498.048,97;0,00;0,00;42,22;0,00;0,00;0,00;3.000,00;261,20;0,00;0,00;0,00;0,00;0,00;0,00;0,00;0,00;14.587,44;17.890,86;2.623,46;0,00;0,00;21.998,98;24.622,44;0,00;0,00;0,00;0,00;0,00;35.133,30;0,00;420.402,37;455.535,67;498.048,97
58.252.602/0001-16;2011;http://portal.mj.gov.br/CNEsPublico/relatorioCNEs/102343/RelatorioCircunstanciado.html;943.574,16;0,00;0,00;331.945,95;0,00;0,00;0,00;0,00;0,00;6.316,20;1.281.836,31;0,00;0,00;2.774,76;1.106.567,02;0,00;0,00;275,00;1.109.616,78;2.391.453,09;1.976,48;9.475,54;0,00;0,00;0,00;0,00;72.447,76;4.486,30;0,00;0,00;0,00;0,00;0,00;0,00;0,00;0,00;47.818,00;136.204,08;0,00;0,00;0,00;0,00;0,00;0,00;0,00;1.395.906,81;0,00;0,00;859.342,20;0,00;0,00;2.255.249,01;2.391.453,09
58.224.692/0001-31;2011;http://portal.mj.gov.br/CNEsPublico/relatorioCNEs/102410/RelatorioCircunstanciado.html;4.207,57;0,00;0,00;0,00;0,00;0,00;0,00;0,00;0,00;0,00;4.207,57;35.500,00;35.500,00;0,00;847.690,60;69.499,18;0,00;0,00;778.191,42;817.898,99;0,00;0,00;1.444,68;0,00;0,00;0,00;0,00;0,00;0,00;0,00;0,00;0,00;0,00;0,00;0,00;0,00;3.531,07;4.975,75;0,00;0,00;0,00;44.000,00;44.000,00;0,00;0,00;678.834,52;0,00;0,00;90.088,72;0,00;0,00;768.923,24;817.898,99
68.018.050/0001-30;2011;http://portal.mj.gov.br/CNEsPublico/relatorioCNEs/103555/RelatorioCircunstanciado.html;199.908,09;0,00;0,00;0,00;0,00;2.799,94;0,00;0,00;5.575,21;0,00;208.283,24;0,00;0,00;0,00;659.759,41;152.391,91;0,00;0,00;507.367,50;715.650,74;0,00;0,00;10,73;0,00;0,00;0,00;0,00;32,18;0,00;0,00;0,00;0,00;0,00;0,00;0,00;0,00;7.228,91;7.271,82;0,00;0,00;0,00;186.501,43;186.501,43;0,00;0,00;0,00;0,00;0,00;100.403,51;0,00;421.473,98;521.877,49;715.650,74
62.292.420/0001-46;2011;http://portal.mj.gov.br/CNEsPublico/relatorioCNEs/104019/RelatorioCircunstanciado.html;368,84;0,00;0,00;0,00;0,00;0,00;0,00;0,00;6.739,51;609,32;7.717,67;0,00;0,00;0,00;86.126,98;20.419,50;0,00;0,00;65.707,48;73.425,15;0,00;22.213,34;14.887,29;0,00;0,00;0,00;50.320,23;834,86;0,00;0,00;0,00;0,00;0,00;0,00;0,00;0,00;0,00;88.255,72;0,00;0,00;0,00;0,00;0,00;0,00;0,00;0,00;0,00;0,00;0,00;14.830,57;0,00;-14.830,57;73.425,15
55.674.782/0001-36;2011;http://portal.mj.gov.br/CNEsPublico/relatorioCNEs/104181/RelatorioCircunstanciado.html;8.095,55;0,00;0,00;0,00;0,00;0,00;0,00;0,00;38.494,34;0,00;46.589,89;0,00;0,00;1.500,00;271.707,58;87.493,86;0,00;0,00;185.713,72;232.303,61;0,00;0,00;11.864,73;0,00;0,00;0,00;0,00;638,75;0,00;0,00;0,00;0,00;0,00;0,00;0,00;0,00;39.618,84;52.122,32;25.000,00;0,00;0,00;0,00;25.000,00;0,00;0,00;0,00;0,00;0,00;0,00;49.865,30;205.046,59;155.181,29;232.303,61
58.247.503/0001-46;2011;http://portal.mj.gov.br/CNEsPublico/relatorioCNEs/104292/RelatorioCircunstanciado.html;281.678,55;0,00;0,00;0,00;0,00;5.229,40;0,00;0,00;0,00;0,00;286.907,95;0,00;0,00;0,00;16.081.979,50;121.800,07;0,00;0,00;15.960.179,43;16.247.087,38;0,00;15.187,07;0,00;0,00;0,00;0,00;0,00;3.830,88;0,00;0,00;0,00;0,00;0,00;0,00;0,00;0,00;7.262,98;26.280,93;0,00;0,00;0,00;0,00;0,00;0,00;0,00;637.811,92;0,00;0,00;351.964,43;0,00;15.231.030,10;16.220.806,45;16.247.087,38
58.253.667/0001-86;2011;http://portal.mj.gov.br/CNEsPublico/relatorioCNEs/104449/RelatorioCircunstanciado.html;12.730.042,00;0,00;283.071,00;12.069,00;104.503,81;33.246,36;0,00;0,00;2.817,99;0,00;13.165.750,16;180.800,92;180.800,92;0,00;1.449.694,01;506.367,75;0,00;0,00;943.326,26;14.289.877,34;39.715,14;768.877,15;123.234,84;2.806,84;0,00;8.145,88;0,00;12.320,86;1.616.191,08;0,00;0,00;0,00;0,00;0,00;0,00;0,00;7.423,35;2.578.715,14;0,00;9.484.505,40;0,00;0,00;9.484.505,40;53.988,05;53.988,05;2.172.668,75;0,00;0,00;0,00;0,00;0,00;2.172.668,75;14.289.877,34
71.550.222/0001-26;2011;http://portal.mj.gov.br/CNEsPublico/relatorioCNEs/105044/RelatorioCircunstanciado.html;76,28;0,00;0,00;0,00;0,00;0,00;43.268,98;0,00;0,00;0,00;-43.192,70;0,00;0,00;0,00;106.018,49;0,00;0,00;0,00;106.018,49;62.825,79;0,00;20.852,24;105.123,03;0,00;0,00;0,00;0,00;0,00;0,00;0,00;0,00;0,00;0,00;0,00;0,00;0,00;207.049,03;333.024,30;14.750,00;0,00;0,00;0,00;14.750,00;0,00;0,00;0,00;0,00;0,00;0,00;284.948,57;0,00;-284.948,57;62.825,73
62.292.073/0001-51;2011;http://portal.mj.gov.br/CNEsPublico/relatorioCNEs/105358/RelatorioCircunstanciado.html;240,13;771,85;0,00;0,00;0,00;0,00;0,00;0,00;0,00;0,00;1.011,98;700.946,12;700.946,12;0,00;5.036,00;0,00;0,00;0,00;5.036,00;706.994,10;0,00;0,00;0,00;0,00;0,00;0,00;0,00;0,00;0,00;0,00;0,00;0,00;0,00;0,00;0,00;0,00;0,00;0,00;0,00;0,00;0,00;0,00;0,00;0,00;0,00;0,00;0,00;0,00;706.994,10;0,00;0,00;706.994,10;706.994,10
58.251.711/0001-19;2011;http://portal.mj.gov.br/CNEsPublico/relatorioCNEs/105392/RelatorioCircunstanciado.html;109.144.063,60;0,00;0,00;11.467.763,26;3.394.369,53;0,00;0,00;1.219.653,42;3.654,30;49.170.193,18;174.399.697,29;1.177.046,76;1.177.046,76;0,00;45.597.739,67;14.299.286,20;0,00;0,00;31.298.453,47;206.875.197,52;369.812,98;11.231.160,08;404.197,11;247.698,04;0,00;2.313.376,64;679.862,93;1.191.041,41;0,00;397.888,34;0,00;0,00;0,00;0,00;0,00;0,00;503.304,96;17.338.342,49;0,00;0,00;0,00;400.000,16;400.000,16;0,00;0,00;0,00;0,00;0,00;189.136.854,87;0,00;0,00;189.136.854,87;206.875.197,52
52.246.451/0001-07;2011;http://portal.mj.gov.br/CNEsPublico/relatorioCNEs/105595/RelatorioCircunstanciado.html;128.157,89;0,00;0,00;56.007,00;466,95;0,00;0,00;0,00;0,00;0,00;184.631,84;59.512,91;59.512,91;0,00;1.380.148,67;37.911,48;0,00;2.322,00;1.344.559,19;1.588.703,94;6.704,25;69.859,26;28.011,65;0,00;0,00;0,00;0,00;1.499,70;0,00;0,00;0,00;0,00;0,00;0,00;0,00;0,00;266.286,58;372.361,44;48.627,34;0,00;0,00;0,00;48.627,34;0,00;0,00;1.211.330,38;0,00;0,00;0,00;43.615,22;0,00;1.167.715,16;1.588.703,94
58.219.551/0001-20;2011;http://portal.mj.gov.br/CNEsPublico/relatorioCNEs/105695/RelatorioCircunstanciado.html;66.394,95;115.388,98;0,00;0,00;41.924,67;0,00;0,00;0,00;1.878,44;0,00;225.587,04;0,00;0,00;1.653.872,34;14.465.090,01;0,00;0,00;9.608.687,38;25.727.649,73;25.953.236,77;4.564,26;72.206,44;27.955,49;1.729,33;0,00;0,00;0,00;6.338,80;0,00;0,00;0,00;0,00;0,00;0,00;0,00;0,00;0,00;112.794,32;0,00;179.509,00;0,00;93.623,20;273.132,20;0,00;0,00;26.192.640,28;0,00;0,00;0,00;625.330,03;0,00;25.567.310,25;25.953.236,77
58.230.293/0001-83;2011;http://portal.mj.gov.br/CNEsPublico/relatorioCNEs/105762/RelatorioCircunstanciado.html;12.551,43;0,00;0,00;0,00;0,00;0,00;0,00;0,00;0,00;0,00;12.551,43;0,00;0,00;0,00;115.990,71;0,00;0,00;0,00;115.990,71;128.542,14;0,00;34,45;1.786,81;0,00;0,00;0,00;0,00;0,00;0,00;0,00;0,00;0,00;0,00;0,00;0,00;0,00;0,00;1.821,26;0,00;0,00;0,00;0,00;0,00;0,00;0,00;128.640,13;0,00;0,00;41.905,53;0,00;0,00;170.545,66;172.366,92
58.198.524/0001-19;2011;http://portal.mj.gov.br/CNEsPublico/relatorioCNEs/106322/RelatorioCircunstanciado.html;8.908.271,33;12.645.394,15;0,00;23.493.987,40;707.092,23;3.036.670,60;2.975.598,98;4.775.439,25;796.794,45;0,00;51.388.050,43;2.045.505,28;2.045.505,28;19.330.649,93;111.651.039,34;23.986.310,01;0,00;163.414,19;107.158.793,45;160.592.349,16;27.656.024,56;4.005.791,63;2.764.465,30;6.024.733,69;0,00;0,00;25.518.111,38;0,00;0,00;0,00;753.662,23;0,00;0,00;0,00;20.000,00;0,00;29.731.410,26;96.474.199,05;32.926.284,19;59.107,74;0,00;14.143.416,69;47.128.808,62;0,00;0,00;31.705.239,81;0,00;0,00;0,00;14.715.898,32;0,00;16.989.341,49;160.592.349,16
10.227.433/0001-38;2011;http://portal.mj.gov.br/CNEsPublico/relatorioCNEs/117252/RelatorioCircunstanciado.html;39.036,18;0,00;0,00;21.147,95;0,00;1.820,51;0,00;0,00;0,00;0,00;62.004,64;303.465,73;303.465,73;0,00;0,00;0,00;0,00;0,00;0,00;365.470,37;22.387,71;0,00;114,90;0,00;0,00;5.302,06;0,00;0,00;0,00;0,00;0,00;0,00;0,00;0,00;0,00;0,00;3.017,29;30.821,96;0,00;9.295,26;0,00;294.170,47;303.465,73;0,00;0,00;31.182,68;0,00;0,00;0,00;0,00;0,00;31.182,68;365.470,37
15.321.633/0001-79;2012;http://portal.mj.gov.br/CNEsPublico/relatorioCNEs/106753/RelatorioCircunstanciado.html;115.342,72;0,00;0,00;0,00;860,81;0,00;0,00;0,00;0,00;0,00;116.203,53;0,00;0,00;3.354,01;374.662,05;0,00;0,00;0,00;378.016,06;494.219,59;12.399,34;16.287,56;5.068,17;626,52;0,00;0,00;0,00;1.097,94;0,00;0,00;0,00;0,00;0,00;0,00;0,00;0,00;13.345,25;48.824,78;0,00;0,00;0,00;0,00;0,00;0,00;0,00;445.394,81;0,00;0,00;0,00;0,00;0,00;445.394,81;494.219,59
58.263.898/0001-70;2011;http://portal.mj.gov.br/CNEsPublico/relatorioCNEs/107304/RelatorioCircunstanciado.html;5.398,85;0,00;0,00;0,00;0,00;0,00;0,00;0,00;0,00;0,00;5.398,85;0,00;0,00;0,00;9.444,00;0,00;0,00;0,00;9.444,00;14.842,85;0,00;240,18;12.273,47;0,00;0,00;0,00;0,00;0,00;0,00;0,00;0,00;0,00;0,00;0,00;0,00;0,00;0,00;12.513,65;0,00;0,00;0,00;0,00;0,00;0,00;0,00;4.814,04;0,00;0,00;13.435,14;15.919,98;0,00;2.329,20;14.842,85
